match_id,id,season,date,venue,city,toss_winner,toss_decision,winner,team1,team2
1082591,1082591,2017,2017/04/05,"Rajiv Gandhi International Stadium, Uppal",Hyderabad,Royal Challengers Bangalore,field,Sunrisers Hyderabad,Sunrisers Hyderabad,Royal Challengers Bangalore
1082592,1082592,2017,2017/04/06,Maharashtra Cricket Association Stadium,Pune,Rising Pune Supergiant,field,Rising Pune Supergiant,Rising Pune Supergiant,Mumbai Indians
1082593,1082593,2017,2017/04/07,Saurashtra Cricket Association Stadium,Rajkot,Kolkata Knight Riders,field,Kolkata Knight Riders,Gujarat Lions,Kolkata Knight Riders
1082594,1082594,2017,2017/04/08,Holkar Cricket Stadium,Indore,Kings XI Punjab,field,Kings XI Punjab,Kings XI Punjab,Rising Pune Supergiant
1082595,1082595,2017,2017/04/08,M.Chinnaswamy Stadium,Bengaluru,Royal Challengers Bangalore,bat,Royal Challengers Bangalore,Royal Challengers Bangalore,Delhi Daredevils
1082596,1082596,2017,2017/04/09,"Rajiv Gandhi International Stadium, Uppal",Hyderabad,Sunrisers Hyderabad,field,Sunrisers Hyderabad,Sunrisers Hyderabad,Gujarat Lions
1082597,1082597,2017,2017/04/09,Wankhede Stadium,Mumbai,Mumbai Indians,field,Mumbai Indians,Mumbai Indians,Kolkata Knight Riders
1082598,1082598,2017,2017/04/10,Holkar Cricket Stadium,Indore,Royal Challengers Bangalore,bat,Kings XI Punjab,Kings XI Punjab,Royal Challengers Bangalore
1082599,1082599,2017,2017/04/11,Maharashtra Cricket Association Stadium,Pune,Rising Pune Supergiant,field,Delhi Daredevils,Rising Pune Supergiant,Delhi Daredevils
1082600,1082600,2017,2017/04/12,Wankhede Stadium,Mumbai,Mumbai Indians,field,Mumbai Indians,Mumbai Indians,Sunrisers Hyderabad
1082601,1082601,2017,2017/04/13,Eden Gardens,Kolkata,Kolkata Knight Riders,field,Kolkata Knight Riders,Kolkata Knight Riders,Kings XI Punjab
1082602,1082602,2017,2017/04/14,M Chinnaswamy Stadium,Bangalore,Mumbai Indians,field,Mumbai Indians,Royal Challengers Bangalore,Mumbai Indians
1082603,1082603,2017,2017/04/14,Saurashtra Cricket Association Stadium,Rajkot,Gujarat Lions,field,Gujarat Lions,Gujarat Lions,Rising Pune Supergiant
1082604,1082604,2017,2017/04/15,Eden Gardens,Kolkata,Sunrisers Hyderabad,field,Kolkata Knight Riders,Kolkata Knight Riders,Sunrisers Hyderabad
1082605,1082605,2017,2017/04/15,Feroz Shah Kotla,Delhi,Delhi Daredevils,bat,Delhi Daredevils,Delhi Daredevils,Kings XI Punjab
1082606,1082606,2017,2017/04/16,Wankhede Stadium,Mumbai,Mumbai Indians,field,Mumbai Indians,Mumbai Indians,Gujarat Lions
1082607,1082607,2017,2017/04/16,M Chinnaswamy Stadium,Bangalore,Royal Challengers Bangalore,field,Rising Pune Supergiant,Royal Challengers Bangalore,Rising Pune Supergiant
1082608,1082608,2017,2017/04/17,Feroz Shah Kotla,Delhi,Delhi Daredevils,bat,Kolkata Knight Riders,Delhi Daredevils,Kolkata Knight Riders
1082609,1082609,2017,2017/04/17,"Rajiv Gandhi International Stadium, Uppal",Hyderabad,Kings XI Punjab,field,Sunrisers Hyderabad,Sunrisers Hyderabad,Kings XI Punjab
1082610,1082610,2017,2017/04/18,Saurashtra Cricket Association Stadium,Rajkot,Gujarat Lions,field,Royal Challengers Bangalore,Gujarat Lions,Royal Challengers Bangalore
1082611,1082611,2017,2017/04/19,"Rajiv Gandhi International Stadium, Uppal",Hyderabad,Sunrisers Hyderabad,bat,Sunrisers Hyderabad,Sunrisers Hyderabad,Delhi Daredevils
1082612,1082612,2017,2017/04/20,Holkar Cricket Stadium,Indore,Mumbai Indians,field,Mumbai Indians,Kings XI Punjab,Mumbai Indians
1082613,1082613,2017,2017/04/21,Eden Gardens,Kolkata,Gujarat Lions,field,Gujarat Lions,Kolkata Knight Riders,Gujarat Lions
1082614,1082614,2017,2017/04/22,Wankhede Stadium,Mumbai,Delhi Daredevils,field,Mumbai Indians,Mumbai Indians,Delhi Daredevils
1082615,1082615,2017,2017/04/22,Maharashtra Cricket Association Stadium,Pune,Rising Pune Supergiant,field,Rising Pune Supergiant,Rising Pune Supergiant,Sunrisers Hyderabad
1082616,1082616,2017,2017/04/23,Saurashtra Cricket Association Stadium,Rajkot,Gujarat Lions,field,Kings XI Punjab,Gujarat Lions,Kings XI Punjab
1082617,1082617,2017,2017/04/23,Eden Gardens,Kolkata,Royal Challengers Bangalore,field,Kolkata Knight Riders,Kolkata Knight Riders,Royal Challengers Bangalore
1082618,1082618,2017,2017/04/24,Wankhede Stadium,Mumbai,Mumbai Indians,field,Rising Pune Supergiant,Mumbai Indians,Rising Pune Supergiant
1082620,1082620,2017,2017/04/26,Maharashtra Cricket Association Stadium,Pune,Kolkata Knight Riders,field,Kolkata Knight Riders,Rising Pune Supergiant,Kolkata Knight Riders
1082621,1082621,2017,2017/04/27,M Chinnaswamy Stadium,Bangalore,Gujarat Lions,field,Gujarat Lions,Royal Challengers Bangalore,Gujarat Lions
1082622,1082622,2017,2017/04/28,Eden Gardens,Kolkata,Kolkata Knight Riders,field,Kolkata Knight Riders,Kolkata Knight Riders,Delhi Daredevils
1082623,1082623,2017,2017/04/28,"Punjab Cricket Association IS Bindra Stadium, Mohali",Chandigarh,Kings XI Punjab,field,Sunrisers Hyderabad,Kings XI Punjab,Sunrisers Hyderabad
1082624,1082624,2017,2017/04/29,Maharashtra Cricket Association Stadium,Pune,Royal Challengers Bangalore,field,Rising Pune Supergiant,Rising Pune Supergiant,Royal Challengers Bangalore
1082625,1082625,2017,2017/04/29,Saurashtra Cricket Association Stadium,Rajkot,Gujarat Lions,bat,,Gujarat Lions,Mumbai Indians
1082626,1082626,2017,2017/04/30,"Punjab Cricket Association IS Bindra Stadium, Mohali",Chandigarh,Kings XI Punjab,field,Kings XI Punjab,Kings XI Punjab,Delhi Daredevils
1082627,1082627,2017,2017/04/30,"Rajiv Gandhi International Stadium, Uppal",Hyderabad,Kolkata Knight Riders,field,Sunrisers Hyderabad,Sunrisers Hyderabad,Kolkata Knight Riders
1082628,1082628,2017,2017/05/01,Wankhede Stadium,Mumbai,Royal Challengers Bangalore,bat,Mumbai Indians,Mumbai Indians,Royal Challengers Bangalore
1082629,1082629,2017,2017/05/01,Maharashtra Cricket Association Stadium,Pune,Rising Pune Supergiant,field,Rising Pune Supergiant,Rising Pune Supergiant,Gujarat Lions
1082630,1082630,2017,2017/05/02,Feroz Shah Kotla,Delhi,Delhi Daredevils,field,Delhi Daredevils,Delhi Daredevils,Sunrisers Hyderabad
1082631,1082631,2017,2017/05/03,Eden Gardens,Kolkata,Rising Pune Supergiant,field,Rising Pune Supergiant,Kolkata Knight Riders,Rising Pune Supergiant
1082632,1082632,2017,2017/05/04,Feroz Shah Kotla,Delhi,Delhi Daredevils,field,Delhi Daredevils,Delhi Daredevils,Gujarat Lions
1082633,1082633,2017,2017/05/05,M Chinnaswamy Stadium,Bangalore,Royal Challengers Bangalore,field,Kings XI Punjab,Royal Challengers Bangalore,Kings XI Punjab
1082634,1082634,2017,2017/05/06,"Rajiv Gandhi International Stadium, Uppal",Hyderabad,Sunrisers Hyderabad,field,Rising Pune Supergiant,Sunrisers Hyderabad,Rising Pune Supergiant
1082635,1082635,2017,2017/05/06,Feroz Shah Kotla,Delhi,Delhi Daredevils,field,Mumbai Indians,Delhi Daredevils,Mumbai Indians
1082636,1082636,2017,2017/05/07,M Chinnaswamy Stadium,Bangalore,Kolkata Knight Riders,field,Kolkata Knight Riders,Royal Challengers Bangalore,Kolkata Knight Riders
1082637,1082637,2017,2017/05/07,"Punjab Cricket Association IS Bindra Stadium, Mohali",Chandigarh,Gujarat Lions,field,Gujarat Lions,Kings XI Punjab,Gujarat Lions
1082638,1082638,2017,2017/05/08,"Rajiv Gandhi International Stadium, Uppal",Hyderabad,Mumbai Indians,bat,Sunrisers Hyderabad,Sunrisers Hyderabad,Mumbai Indians
1082639,1082639,2017,2017/05/09,"Punjab Cricket Association IS Bindra Stadium, Mohali",Chandigarh,Kolkata Knight Riders,field,Kings XI Punjab,Kings XI Punjab,Kolkata Knight Riders
1082640,1082640,2017,2017/05/10,Green Park,Kanpur,Delhi Daredevils,field,Delhi Daredevils,Gujarat Lions,Delhi Daredevils
1082641,1082641,2017,2017/05/11,Wankhede Stadium,Mumbai,Mumbai Indians,field,Kings XI Punjab,Mumbai Indians,Kings XI Punjab
1082642,1082642,2017,2017/05/12,Feroz Shah Kotla,Delhi,Delhi Daredevils,bat,Delhi Daredevils,Delhi Daredevils,Rising Pune Supergiant
1082643,1082643,2017,2017/05/13,Green Park,Kanpur,Sunrisers Hyderabad,field,Sunrisers Hyderabad,Gujarat Lions,Sunrisers Hyderabad
1082644,1082644,2017,2017/05/13,Eden Gardens,Kolkata,Kolkata Knight Riders,field,Mumbai Indians,Kolkata Knight Riders,Mumbai Indians
1082645,1082645,2017,2017/05/14,Maharashtra Cricket Association Stadium,Pune,Rising Pune Supergiant,field,Rising Pune Supergiant,Rising Pune Supergiant,Kings XI Punjab
1082646,1082646,2017,2017/05/14,Feroz Shah Kotla,Delhi,Royal Challengers Bangalore,bat,Royal Challengers Bangalore,Delhi Daredevils,Royal Challengers Bangalore
1082647,1082647,2017,2017/05/16,Wankhede Stadium,Mumbai,Mumbai Indians,field,Rising Pune Supergiant,Mumbai Indians,Rising Pune Supergiant
1082648,1082648,2017,2017/05/18,M Chinnaswamy Stadium,Bangalore,Kolkata Knight Riders,field,Kolkata Knight Riders,Sunrisers Hyderabad,Kolkata Knight Riders
1082649,1082649,2017,2017/05/19,M Chinnaswamy Stadium,Bangalore,Mumbai Indians,field,Mumbai Indians,Mumbai Indians,Kolkata Knight Riders
1082650,1082650,2017,2017/05/21,"Rajiv Gandhi International Stadium, Uppal",Hyderabad,Mumbai Indians,bat,Mumbai Indians,Mumbai Indians,Rising Pune Supergiant
1136561,1136561,2018,2018/04/07,Wankhede Stadium,Mumbai,Chennai Super Kings,field,Chennai Super Kings,Mumbai Indians,Chennai Super Kings
1136562,1136562,2018,2018/04/08,Punjab Cricket Association IS Bindra Stadium,Chandigarh,Kings XI Punjab,field,Kings XI Punjab,Delhi Daredevils,Kings XI Punjab
1136563,1136563,2018,2018/04/08,Eden Gardens,Kolkata,Kolkata Knight Riders,field,Kolkata Knight Riders,Royal Challengers Bangalore,Kolkata Knight Riders
1136564,1136564,2018,2018/04/09,Rajiv Gandhi International Stadium,Hyderabad,Sunrisers Hyderabad,field,Sunrisers Hyderabad,Rajasthan Royals,Sunrisers Hyderabad
1136565,1136565,2018,2018/04/10,MA Chidambaram Stadium,Chennai,Chennai Super Kings,field,Chennai Super Kings,Kolkata Knight Riders,Chennai Super Kings
1136566,1136566,2018,2018/04/11,Sawai Mansingh Stadium,Jaipur,Delhi Daredevils,field,Rajasthan Royals,Rajasthan Royals,Delhi Daredevils
1136567,1136567,2018,2018/04/12,Rajiv Gandhi International Stadium,Hyderabad,Sunrisers Hyderabad,field,Sunrisers Hyderabad,Mumbai Indians,Sunrisers Hyderabad
1136568,1136568,2018,2018/04/13,M.Chinnaswamy Stadium,Bengaluru,Royal Challengers Bangalore,field,Royal Challengers Bangalore,Kings XI Punjab,Royal Challengers Bangalore
1136569,1136569,2018,2018/04/14,Wankhede Stadium,Mumbai,Delhi Daredevils,field,Delhi Daredevils,Mumbai Indians,Delhi Daredevils
1136570,1136570,2018,2018/04/14,Eden Gardens,Kolkata,Sunrisers Hyderabad,field,Sunrisers Hyderabad,Kolkata Knight Riders,Sunrisers Hyderabad
1136571,1136571,2018,2018/04/15,M.Chinnaswamy Stadium,Bengaluru,Royal Challengers Bangalore,field,Rajasthan Royals,Rajasthan Royals,Royal Challengers Bangalore
1136572,1136572,2018,2018/04/15,Punjab Cricket Association IS Bindra Stadium,Chandigarh,Chennai Super Kings,field,Kings XI Punjab,Kings XI Punjab,Chennai Super Kings
1136573,1136573,2018,2018/04/16,Eden Gardens,Kolkata,Delhi Daredevils,field,Kolkata Knight Riders,Kolkata Knight Riders,Delhi Daredevils
1136574,1136574,2018,2018/04/17,Wankhede Stadium,Mumbai,Royal Challengers Bangalore,field,Mumbai Indians,Mumbai Indians,Royal Challengers Bangalore
1136575,1136575,2018,2018/04/18,Sawai Mansingh Stadium,Jaipur,Kolkata Knight Riders,field,Kolkata Knight Riders,Rajasthan Royals,Kolkata Knight Riders
1136576,1136576,2018,2018/04/19,Punjab Cricket Association IS Bindra Stadium,Chandigarh,Kings XI Punjab,bat,Kings XI Punjab,Kings XI Punjab,Sunrisers Hyderabad
1136577,1136577,2018,2018/04/20,Maharashtra Cricket Association Stadium,Pune,Rajasthan Royals,field,Chennai Super Kings,Chennai Super Kings,Rajasthan Royals
1136578,1136578,2018,2018/04/21,Eden Gardens,Kolkata,Kings XI Punjab,field,Kings XI Punjab,Kolkata Knight Riders,Kings XI Punjab
1136579,1136579,2018,2018/04/21,M.Chinnaswamy Stadium,Bengaluru,Royal Challengers Bangalore,field,Royal Challengers Bangalore,Delhi Daredevils,Royal Challengers Bangalore
1136580,1136580,2018,2018/04/22,Rajiv Gandhi International Stadium,Hyderabad,Sunrisers Hyderabad,field,Chennai Super Kings,Chennai Super Kings,Sunrisers Hyderabad
1136581,1136581,2018,2018/04/22,Sawai Mansingh Stadium,Jaipur,Mumbai Indians,bat,Rajasthan Royals,Mumbai Indians,Rajasthan Royals
1136582,1136582,2018,2018/04/23,Arun Jaitley Stadium,Delhi,Delhi Daredevils,field,Kings XI Punjab,Kings XI Punjab,Delhi Daredevils
1136583,1136583,2018,2018/04/24,Wankhede Stadium,Mumbai,Mumbai Indians,field,Sunrisers Hyderabad,Sunrisers Hyderabad,Mumbai Indians
1136584,1136584,2018,2018/04/25,M.Chinnaswamy Stadium,Bengaluru,Chennai Super Kings,field,Chennai Super Kings,Royal Challengers Bangalore,Chennai Super Kings
1136585,1136585,2018,2018/04/26,Rajiv Gandhi International Stadium,Hyderabad,Kings XI Punjab,field,Sunrisers Hyderabad,Sunrisers Hyderabad,Kings XI Punjab
1136586,1136586,2018,2018/04/27,Arun Jaitley Stadium,Delhi,Kolkata Knight Riders,field,Delhi Daredevils,Delhi Daredevils,Kolkata Knight Riders
1136587,1136587,2018,2018/04/28,Maharashtra Cricket Association Stadium,Pune,Mumbai Indians,field,Mumbai Indians,Chennai Super Kings,Mumbai Indians
1136588,1136588,2018,2018/04/29,Sawai Mansingh Stadium,Jaipur,Sunrisers Hyderabad,bat,Sunrisers Hyderabad,Sunrisers Hyderabad,Rajasthan Royals
1136589,1136589,2018,2018/04/29,M.Chinnaswamy Stadium,Bengaluru,Kolkata Knight Riders,field,Kolkata Knight Riders,Royal Challengers Bangalore,Kolkata Knight Riders
1136590,1136590,2018,2018/04/30,Maharashtra Cricket Association Stadium,Pune,Delhi Daredevils,field,Chennai Super Kings,Chennai Super Kings,Delhi Daredevils
1136591,1136591,2018,2018/05/01,M.Chinnaswamy Stadium,Bengaluru,Mumbai Indians,field,Royal Challengers Bangalore,Royal Challengers Bangalore,Mumbai Indians
1136592,1136592,2018,2018/05/02,Arun Jaitley Stadium,Delhi,Rajasthan Royals,field,Delhi Daredevils,Delhi Daredevils,Rajasthan Royals
1136593,1136593,2018,2018/05/03,Eden Gardens,Kolkata,Kolkata Knight Riders,field,Kolkata Knight Riders,Chennai Super Kings,Kolkata Knight Riders
1136594,1136594,2018,2018/05/04,Holkar Cricket Stadium,Indore,Mumbai Indians,field,Mumbai Indians,Kings XI Punjab,Mumbai Indians
1136595,1136595,2018,2018/05/05,Maharashtra Cricket Association Stadium,Pune,Chennai Super Kings,field,Chennai Super Kings,Royal Challengers Bangalore,Chennai Super Kings
1136596,1136596,2018,2018/05/05,Rajiv Gandhi International Stadium,Hyderabad,Delhi Daredevils,bat,Sunrisers Hyderabad,Delhi Daredevils,Sunrisers Hyderabad
1136597,1136597,2018,2018/05/06,Wankhede Stadium,Mumbai,Kolkata Knight Riders,field,Mumbai Indians,Mumbai Indians,Kolkata Knight Riders
1136598,1136598,2018,2018/05/06,Holkar Cricket Stadium,Indore,Kings XI Punjab,field,Kings XI Punjab,Rajasthan Royals,Kings XI Punjab
1136599,1136599,2018,2018/05/07,Rajiv Gandhi International Stadium,Hyderabad,Royal Challengers Bangalore,field,Sunrisers Hyderabad,Sunrisers Hyderabad,Royal Challengers Bangalore
1136600,1136600,2018,2018/05/08,Sawai Mansingh Stadium,Jaipur,Rajasthan Royals,bat,Rajasthan Royals,Rajasthan Royals,Kings XI Punjab
1136601,1136601,2018,2018/05/09,Eden Gardens,Kolkata,Kolkata Knight Riders,field,Mumbai Indians,Mumbai Indians,Kolkata Knight Riders
1136602,1136602,2018,2018/05/10,Arun Jaitley Stadium,Delhi,Delhi Daredevils,bat,Sunrisers Hyderabad,Delhi Daredevils,Sunrisers Hyderabad
1136603,1136603,2018,2018/05/11,Sawai Mansingh Stadium,Jaipur,Chennai Super Kings,bat,Rajasthan Royals,Chennai Super Kings,Rajasthan Royals
1136604,1136604,2018,2018/05/12,Holkar Cricket Stadium,Indore,Kings XI Punjab,field,Kolkata Knight Riders,Kolkata Knight Riders,Kings XI Punjab
1136605,1136605,2018,2018/05/12,Arun Jaitley Stadium,Delhi,Royal Challengers Bangalore,field,Royal Challengers Bangalore,Delhi Daredevils,Royal Challengers Bangalore
1136606,1136606,2018,2018/05/13,Maharashtra Cricket Association Stadium,Pune,Chennai Super Kings,field,Chennai Super Kings,Sunrisers Hyderabad,Chennai Super Kings
1136607,1136607,2018,2018/05/13,Wankhede Stadium,Mumbai,Rajasthan Royals,field,Rajasthan Royals,Mumbai Indians,Rajasthan Royals
1136608,1136608,2018,2018/05/14,Holkar Cricket Stadium,Indore,Royal Challengers Bangalore,field,Royal Challengers Bangalore,Kings XI Punjab,Royal Challengers Bangalore
1136609,1136609,2018,2018/05/15,Eden Gardens,Kolkata,Kolkata Knight Riders,field,Kolkata Knight Riders,Rajasthan Royals,Kolkata Knight Riders
1136610,1136610,2018,2018/05/16,Wankhede Stadium,Mumbai,Kings XI Punjab,field,Mumbai Indians,Mumbai Indians,Kings XI Punjab
1136611,1136611,2018,2018/05/17,M.Chinnaswamy Stadium,Bengaluru,Sunrisers Hyderabad,field,Royal Challengers Bangalore,Royal Challengers Bangalore,Sunrisers Hyderabad
1136612,1136612,2018,2018/05/18,Arun Jaitley Stadium,Delhi,Chennai Super Kings,field,Delhi Daredevils,Delhi Daredevils,Chennai Super Kings
1136613,1136613,2018,2018/05/19,Sawai Mansingh Stadium,Jaipur,Rajasthan Royals,bat,Rajasthan Royals,Rajasthan Royals,Royal Challengers Bangalore
1136614,1136614,2018,2018/05/19,Rajiv Gandhi International Stadium,Hyderabad,Sunrisers Hyderabad,bat,Kolkata Knight Riders,Sunrisers Hyderabad,Kolkata Knight Riders
1136615,1136615,2018,2018/05/20,Arun Jaitley Stadium,Delhi,Delhi Daredevils,bat,Delhi Daredevils,Delhi Daredevils,Mumbai Indians
1136616,1136616,2018,2018/05/20,Maharashtra Cricket Association Stadium,Pune,Chennai Super Kings,field,Chennai Super Kings,Kings XI Punjab,Chennai Super Kings
1136617,1136617,2018,2018/05/22,Wankhede Stadium,Mumbai,Chennai Super Kings,field,Chennai Super Kings,Sunrisers Hyderabad,Chennai Super Kings
1136618,1136618,2018,2018/05/23,Eden Gardens,Kolkata,Rajasthan Royals,field,Kolkata Knight Riders,Kolkata Knight Riders,Rajasthan Royals
1136619,1136619,2018,2018/05/25,Eden Gardens,Kolkata,Kolkata Knight Riders,field,Sunrisers Hyderabad,Sunrisers Hyderabad,Kolkata Knight Riders
1136620,1136620,2018,2018/05/27,Wankhede Stadium,Mumbai,Chennai Super Kings,field,Chennai Super Kings,Sunrisers Hyderabad,Chennai Super Kings
1175356,1175356,2019,2019/03/23,MA Chidambaram Stadium,Chennai,Chennai Super Kings,field,Chennai Super Kings,Royal Challengers Bangalore,Chennai Super Kings
1175357,1175357,2019,2019/03/24,Eden Gardens,Kolkata,Kolkata Knight Riders,field,Kolkata Knight Riders,Sunrisers Hyderabad,Kolkata Knight Riders
1175358,1175358,2019,2019/03/24,Wankhede Stadium,Mumbai,Mumbai Indians,field,Delhi Capitals,Delhi Capitals,Mumbai Indians
1175359,1175359,2019,2019/03/25,Sawai Mansingh Stadium,Jaipur,Rajasthan Royals,field,Kings XI Punjab,Kings XI Punjab,Rajasthan Royals
1175360,1175360,2019,2019/03/26,Arun Jaitley Stadium,Delhi,Delhi Capitals,bat,Chennai Super Kings,Delhi Capitals,Chennai Super Kings
1175361,1175361,2019,2019/03/27,Eden Gardens,Kolkata,Kings XI Punjab,field,Kolkata Knight Riders,Kolkata Knight Riders,Kings XI Punjab
1175362,1175362,2019,2019/03/28,M.Chinnaswamy Stadium,Bengaluru,Royal Challengers Bangalore,field,Mumbai Indians,Mumbai Indians,Royal Challengers Bangalore
1175363,1175363,2019,2019/03/29,Rajiv Gandhi International Stadium,Hyderabad,Rajasthan Royals,bat,Sunrisers Hyderabad,Rajasthan Royals,Sunrisers Hyderabad
1175364,1175364,2019,2019/03/30,Punjab Cricket Association IS Bindra Stadium,Chandigarh,Kings XI Punjab,field,Kings XI Punjab,Mumbai Indians,Kings XI Punjab
1175365,1175365,2019,2019/03/30,Arun Jaitley Stadium,Delhi,Delhi Capitals,field,,Kolkata Knight Riders,Delhi Capitals
1175366,1175366,2019,2019/03/31,Rajiv Gandhi International Stadium,Hyderabad,Royal Challengers Bangalore,field,Sunrisers Hyderabad,Sunrisers Hyderabad,Royal Challengers Bangalore
1175367,1175367,2019,2019/03/31,MA Chidambaram Stadium,Chennai,Rajasthan Royals,field,Chennai Super Kings,Chennai Super Kings,Rajasthan Royals
1175368,1175368,2019,2019/04/01,Punjab Cricket Association IS Bindra Stadium,Chandigarh,Delhi Capitals,field,Kings XI Punjab,Kings XI Punjab,Delhi Capitals
1175369,1175369,2019,2019/04/02,Sawai Mansingh Stadium,Jaipur,Rajasthan Royals,field,Rajasthan Royals,Royal Challengers Bangalore,Rajasthan Royals
1175370,1175370,2019,2019/04/03,Wankhede Stadium,Mumbai,Chennai Super Kings,field,Mumbai Indians,Mumbai Indians,Chennai Super Kings
1175371,1175371,2019,2019/04/04,Arun Jaitley Stadium,Delhi,Sunrisers Hyderabad,field,Sunrisers Hyderabad,Delhi Capitals,Sunrisers Hyderabad
1175372,1175372,2019,2019/04/05,M.Chinnaswamy Stadium,Bengaluru,Kolkata Knight Riders,field,Kolkata Knight Riders,Royal Challengers Bangalore,Kolkata Knight Riders
1178393,1178393,2019,2019/04/06,MA Chidambaram Stadium,Chennai,Chennai Super Kings,bat,Chennai Super Kings,Chennai Super Kings,Kings XI Punjab
1178394,1178394,2019,2019/04/06,Rajiv Gandhi International Stadium,Hyderabad,Sunrisers Hyderabad,field,Mumbai Indians,Mumbai Indians,Sunrisers Hyderabad
1178395,1178395,2019,2019/04/07,M.Chinnaswamy Stadium,Bengaluru,Delhi Capitals,field,Delhi Capitals,Royal Challengers Bangalore,Delhi Capitals
1178396,1178396,2019,2019/04/07,Sawai Mansingh Stadium,Jaipur,Kolkata Knight Riders,field,Kolkata Knight Riders,Rajasthan Royals,Kolkata Knight Riders
1178397,1178397,2019,2019/04/08,Punjab Cricket Association IS Bindra Stadium,Chandigarh,Kings XI Punjab,field,Kings XI Punjab,Sunrisers Hyderabad,Kings XI Punjab
1178398,1178398,2019,2019/04/09,MA Chidambaram Stadium,Chennai,Chennai Super Kings,field,Chennai Super Kings,Kolkata Knight Riders,Chennai Super Kings
1178399,1178399,2019,2019/04/10,Wankhede Stadium,Mumbai,Mumbai Indians,field,Mumbai Indians,Kings XI Punjab,Mumbai Indians
1178400,1178400,2019,2019/04/11,Sawai Mansingh Stadium,Jaipur,Chennai Super Kings,field,Chennai Super Kings,Rajasthan Royals,Chennai Super Kings
1178401,1178401,2019,2019/04/12,Eden Gardens,Kolkata,Delhi Capitals,field,Delhi Capitals,Kolkata Knight Riders,Delhi Capitals
1178402,1178402,2019,2019/04/13,Wankhede Stadium,Mumbai,Rajasthan Royals,field,Rajasthan Royals,Mumbai Indians,Rajasthan Royals
1178403,1178403,2019,2019/04/13,Punjab Cricket Association IS Bindra Stadium,Chandigarh,Royal Challengers Bangalore,field,Royal Challengers Bangalore,Kings XI Punjab,Royal Challengers Bangalore
1178404,1178404,2019,2019/04/14,Eden Gardens,Kolkata,Chennai Super Kings,field,Chennai Super Kings,Kolkata Knight Riders,Chennai Super Kings
1178405,1178405,2019,2019/04/14,Rajiv Gandhi International Stadium,Hyderabad,Sunrisers Hyderabad,field,Delhi Capitals,Delhi Capitals,Sunrisers Hyderabad
1178406,1178406,2019,2019/04/15,Wankhede Stadium,Mumbai,Mumbai Indians,field,Mumbai Indians,Royal Challengers Bangalore,Mumbai Indians
1178407,1178407,2019,2019/04/16,Punjab Cricket Association IS Bindra Stadium,Chandigarh,Rajasthan Royals,field,Kings XI Punjab,Kings XI Punjab,Rajasthan Royals
1178408,1178408,2019,2019/04/17,Rajiv Gandhi International Stadium,Hyderabad,Chennai Super Kings,bat,Sunrisers Hyderabad,Chennai Super Kings,Sunrisers Hyderabad
1178409,1178409,2019,2019/04/18,Arun Jaitley Stadium,Delhi,Mumbai Indians,bat,Mumbai Indians,Mumbai Indians,Delhi Capitals
1178410,1178410,2019,2019/04/19,Eden Gardens,Kolkata,Kolkata Knight Riders,field,Royal Challengers Bangalore,Royal Challengers Bangalore,Kolkata Knight Riders
1178411,1178411,2019,2019/04/20,Sawai Mansingh Stadium,Jaipur,Rajasthan Royals,field,Rajasthan Royals,Mumbai Indians,Rajasthan Royals
1178412,1178412,2019,2019/04/20,Arun Jaitley Stadium,Delhi,Delhi Capitals,field,Delhi Capitals,Kings XI Punjab,Delhi Capitals
1178413,1178413,2019,2019/04/21,Rajiv Gandhi International Stadium,Hyderabad,Sunrisers Hyderabad,field,Sunrisers Hyderabad,Kolkata Knight Riders,Sunrisers Hyderabad
1178414,1178414,2019,2019/04/21,M.Chinnaswamy Stadium,Bengaluru,Chennai Super Kings,field,Royal Challengers Bangalore,Royal Challengers Bangalore,Chennai Super Kings
1178415,1178415,2019,2019/04/22,Sawai Mansingh Stadium,Jaipur,Delhi Capitals,field,Delhi Capitals,Rajasthan Royals,Delhi Capitals
1178416,1178416,2019,2019/04/23,MA Chidambaram Stadium,Chennai,Chennai Super Kings,field,Chennai Super Kings,Sunrisers Hyderabad,Chennai Super Kings
1178417,1178417,2019,2019/04/24,M.Chinnaswamy Stadium,Bengaluru,Kings XI Punjab,field,Royal Challengers Bangalore,Royal Challengers Bangalore,Kings XI Punjab
1178418,1178418,2019,2019/04/25,Eden Gardens,Kolkata,Rajasthan Royals,field,Rajasthan Royals,Kolkata Knight Riders,Rajasthan Royals
1178419,1178419,2019,2019/04/26,MA Chidambaram Stadium,Chennai,Chennai Super Kings,field,Mumbai Indians,Mumbai Indians,Chennai Super Kings
1178420,1178420,2019,2019/04/27,Sawai Mansingh Stadium,Jaipur,Rajasthan Royals,field,Rajasthan Royals,Sunrisers Hyderabad,Rajasthan Royals
1178421,1178421,2019,2019/04/28,Arun Jaitley Stadium,Delhi,Delhi Capitals,bat,Delhi Capitals,Delhi Capitals,Royal Challengers Bangalore
1178422,1178422,2019,2019/04/28,Eden Gardens,Kolkata,Mumbai Indians,field,Kolkata Knight Riders,Kolkata Knight Riders,Mumbai Indians
1178423,1178423,2019,2019/04/29,Rajiv Gandhi International Stadium,Hyderabad,Kings XI Punjab,field,Sunrisers Hyderabad,Sunrisers Hyderabad,Kings XI Punjab
1178424,1178424,2019,2019/04/30,M.Chinnaswamy Stadium,Bengaluru,Rajasthan Royals,field,,Royal Challengers Bangalore,Rajasthan Royals
1178425,1178425,2019,2019/05/01,MA Chidambaram Stadium,Chennai,Delhi Capitals,field,Chennai Super Kings,Chennai Super Kings,Delhi Capitals
1178426,1178426,2019,2019/05/02,Wankhede Stadium,Mumbai,Mumbai Indians,bat,,Mumbai Indians,Sunrisers Hyderabad
1178427,1178427,2019,2019/05/03,Punjab Cricket Association IS Bindra Stadium,Chandigarh,Kolkata Knight Riders,field,Kolkata Knight Riders,Kings XI Punjab,Kolkata Knight Riders
1178428,1178428,2019,2019/05/04,Arun Jaitley Stadium,Delhi,Rajasthan Royals,bat,Delhi Capitals,Rajasthan Royals,Delhi Capitals
1178429,1178429,2019,2019/05/04,M.Chinnaswamy Stadium,Bengaluru,Royal Challengers Bangalore,field,Royal Challengers Bangalore,Sunrisers Hyderabad,Royal Challengers Bangalore
1178430,1178430,2019,2019/05/05,Punjab Cricket Association IS Bindra Stadium,Chandigarh,Kings XI Punjab,field,Kings XI Punjab,Chennai Super Kings,Kings XI Punjab
1178431,1178431,2019,2019/05/05,Wankhede Stadium,Mumbai,Mumbai Indians,field,Mumbai Indians,Kolkata Knight Riders,Mumbai Indians
1181764,1181764,2019,2019/05/07,MA Chidambaram Stadium,Chennai,Chennai Super Kings,bat,Mumbai Indians,Chennai Super Kings,Mumbai Indians
1181766,1181766,2019,2019/05/08,Dr. Y.S. Rajasekhara Reddy ACA-VDCA Cricket Stadium,Visakhapatnam,Delhi Capitals,field,Delhi Capitals,Sunrisers Hyderabad,Delhi Capitals
1181767,1181767,2019,2019/05/10,Dr. Y.S. Rajasekhara Reddy ACA-VDCA Cricket Stadium,Visakhapatnam,Chennai Super Kings,field,Chennai Super Kings,Delhi Capitals,Chennai Super Kings
1181768,1181768,2019,2019/05/12,Rajiv Gandhi International Stadium,Hyderabad,Mumbai Indians,bat,Mumbai Indians,Mumbai Indians,Chennai Super Kings
1216492,1216492,2020/21,2020/09/19,Sheikh Zayed Stadium,Abu Dhabi,Chennai Super Kings,field,Chennai Super Kings,Mumbai Indians,Chennai Super Kings
1216493,1216493,2020/21,2020/09/20,Dubai International Cricket Stadium,,Kings XI Punjab,field,,Delhi Capitals,Kings XI Punjab
1216494,1216494,2020/21,2020/10/21,Sheikh Zayed Stadium,Abu Dhabi,Kolkata Knight Riders,bat,Royal Challengers Bangalore,Kolkata Knight Riders,Royal Challengers Bangalore
1216495,1216495,2020/21,2020/11/03,Sharjah Cricket Stadium,,Sunrisers Hyderabad,field,Sunrisers Hyderabad,Mumbai Indians,Sunrisers Hyderabad
1216496,1216496,2020/21,2020/09/22,Sharjah Cricket Stadium,,Chennai Super Kings,field,Rajasthan Royals,Rajasthan Royals,Chennai Super Kings
1216497,1216497,2020/21,2020/10/24,Sheikh Zayed Stadium,Abu Dhabi,Delhi Capitals,field,Kolkata Knight Riders,Kolkata Knight Riders,Delhi Capitals
1216498,1216498,2020/21,2020/10/24,Dubai International Cricket Stadium,,Sunrisers Hyderabad,field,Kings XI Punjab,Kings XI Punjab,Sunrisers Hyderabad
1216499,1216499,2020/21,2020/10/28,Sheikh Zayed Stadium,Abu Dhabi,Mumbai Indians,field,Mumbai Indians,Royal Challengers Bangalore,Mumbai Indians
1216500,1216500,2020/21,2020/10/09,Sharjah Cricket Stadium,,Rajasthan Royals,field,Delhi Capitals,Delhi Capitals,Rajasthan Royals
1216501,1216501,2020/21,2020/10/07,Sheikh Zayed Stadium,Abu Dhabi,Kolkata Knight Riders,bat,Kolkata Knight Riders,Kolkata Knight Riders,Chennai Super Kings
1216502,1216502,2020/21,2020/10/31,Sharjah Cricket Stadium,,Sunrisers Hyderabad,field,Sunrisers Hyderabad,Royal Challengers Bangalore,Sunrisers Hyderabad
1216503,1216503,2020/21,2020/10/01,Sheikh Zayed Stadium,Abu Dhabi,Kings XI Punjab,field,Mumbai Indians,Mumbai Indians,Kings XI Punjab
1216504,1216504,2020/21,2020/09/30,Dubai International Cricket Stadium,,Rajasthan Royals,field,Kolkata Knight Riders,Kolkata Knight Riders,Rajasthan Royals
1216505,1216505,2020/21,2020/11/02,Sheikh Zayed Stadium,Abu Dhabi,Delhi Capitals,field,Delhi Capitals,Royal Challengers Bangalore,Delhi Capitals
1216506,1216506,2020/21,2020/11/01,Sheikh Zayed Stadium,Abu Dhabi,Chennai Super Kings,field,Chennai Super Kings,Kings XI Punjab,Chennai Super Kings
1216507,1216507,2020/21,2020/10/11,Dubai International Cricket Stadium,,Sunrisers Hyderabad,bat,Rajasthan Royals,Sunrisers Hyderabad,Rajasthan Royals
1216508,1216508,2020/21,2020/09/23,Sheikh Zayed Stadium,Abu Dhabi,Kolkata Knight Riders,field,Mumbai Indians,Mumbai Indians,Kolkata Knight Riders
1216509,1216509,2020/21,2020/10/17,Sharjah Cricket Stadium,,Chennai Super Kings,bat,Delhi Capitals,Chennai Super Kings,Delhi Capitals
1216510,1216510,2020/21,2020/09/24,Dubai International Cricket Stadium,,Royal Challengers Bangalore,field,Kings XI Punjab,Kings XI Punjab,Royal Challengers Bangalore
1216511,1216511,2020/21,2020/10/06,Sheikh Zayed Stadium,Abu Dhabi,Mumbai Indians,bat,Mumbai Indians,Mumbai Indians,Rajasthan Royals
1216512,1216512,2020/21,2020/10/18,Sheikh Zayed Stadium,Abu Dhabi,Sunrisers Hyderabad,field,,Kolkata Knight Riders,Sunrisers Hyderabad
1216513,1216513,2020/21,2020/10/04,Dubai International Cricket Stadium,,Kings XI Punjab,bat,Chennai Super Kings,Kings XI Punjab,Chennai Super Kings
1216514,1216514,2020/21,2020/10/03,Sheikh Zayed Stadium,Abu Dhabi,Rajasthan Royals,bat,Royal Challengers Bangalore,Rajasthan Royals,Royal Challengers Bangalore
1216515,1216515,2020/21,2020/10/03,Sharjah Cricket Stadium,,Kolkata Knight Riders,field,Delhi Capitals,Delhi Capitals,Kolkata Knight Riders
1216516,1216516,2020/21,2020/10/02,Dubai International Cricket Stadium,,Sunrisers Hyderabad,bat,Sunrisers Hyderabad,Sunrisers Hyderabad,Chennai Super Kings
1216517,1216517,2020/21,2020/10/18,Dubai International Cricket Stadium,,Mumbai Indians,bat,,Mumbai Indians,Kings XI Punjab
1216518,1216518,2020/21,2020/10/22,Dubai International Cricket Stadium,,Sunrisers Hyderabad,field,Sunrisers Hyderabad,Rajasthan Royals,Sunrisers Hyderabad
1216519,1216519,2020/21,2020/10/05,Dubai International Cricket Stadium,,Royal Challengers Bangalore,field,Delhi Capitals,Delhi Capitals,Royal Challengers Bangalore
1216520,1216520,2020/21,2020/10/26,Sharjah Cricket Stadium,,Kings XI Punjab,field,Kings XI Punjab,Kolkata Knight Riders,Kings XI Punjab
1216521,1216521,2020/21,2020/10/23,Sharjah Cricket Stadium,,Mumbai Indians,field,Mumbai Indians,Chennai Super Kings,Mumbai Indians
1216522,1216522,2020/21,2020/10/17,Dubai International Cricket Stadium,,Rajasthan Royals,bat,Royal Challengers Bangalore,Rajasthan Royals,Royal Challengers Bangalore
1216523,1216523,2020/21,2020/10/10,Sheikh Zayed Stadium,Abu Dhabi,Kolkata Knight Riders,bat,Kolkata Knight Riders,Kolkata Knight Riders,Kings XI Punjab
1216524,1216524,2020/21,2020/10/27,Dubai International Cricket Stadium,,Delhi Capitals,field,Sunrisers Hyderabad,Sunrisers Hyderabad,Delhi Capitals
1216525,1216525,2020/21,2020/10/10,Dubai International Cricket Stadium,,Royal Challengers Bangalore,bat,Royal Challengers Bangalore,Royal Challengers Bangalore,Chennai Super Kings
1216526,1216526,2020/21,2020/10/16,Sheikh Zayed Stadium,Abu Dhabi,Kolkata Knight Riders,bat,Mumbai Indians,Kolkata Knight Riders,Mumbai Indians
1216527,1216527,2020/21,2020/09/27,Sharjah Cricket Stadium,,Rajasthan Royals,field,Rajasthan Royals,Kings XI Punjab,Rajasthan Royals
1216528,1216528,2020/21,2020/10/13,Dubai International Cricket Stadium,,Chennai Super Kings,bat,Chennai Super Kings,Chennai Super Kings,Sunrisers Hyderabad
1216529,1216529,2020/21,2020/10/11,Sheikh Zayed Stadium,Abu Dhabi,Delhi Capitals,bat,Mumbai Indians,Delhi Capitals,Mumbai Indians
1216530,1216530,2020/21,2020/11/01,Dubai International Cricket Stadium,,Rajasthan Royals,field,Kolkata Knight Riders,Kolkata Knight Riders,Rajasthan Royals
1216531,1216531,2020/21,2020/10/15,Sharjah Cricket Stadium,,Royal Challengers Bangalore,bat,Kings XI Punjab,Royal Challengers Bangalore,Kings XI Punjab
1216532,1216532,2020/21,2020/09/29,Sheikh Zayed Stadium,Abu Dhabi,Delhi Capitals,field,Sunrisers Hyderabad,Sunrisers Hyderabad,Delhi Capitals
1216533,1216533,2020/21,2020/10/19,Sheikh Zayed Stadium,Abu Dhabi,Chennai Super Kings,bat,Rajasthan Royals,Chennai Super Kings,Rajasthan Royals
1216534,1216534,2020/21,2020/09/21,Dubai International Cricket Stadium,,Sunrisers Hyderabad,field,Royal Challengers Bangalore,Royal Challengers Bangalore,Sunrisers Hyderabad
1216535,1216535,2020/21,2020/10/31,Dubai International Cricket Stadium,,Mumbai Indians,field,Mumbai Indians,Delhi Capitals,Mumbai Indians
1216536,1216536,2020/21,2020/10/29,Dubai International Cricket Stadium,,Chennai Super Kings,field,Chennai Super Kings,Kolkata Knight Riders,Chennai Super Kings
1216537,1216537,2020/21,2020/10/30,Sheikh Zayed Stadium,Abu Dhabi,Rajasthan Royals,field,Rajasthan Royals,Kings XI Punjab,Rajasthan Royals
1216538,1216538,2020/21,2020/10/04,Sharjah Cricket Stadium,,Mumbai Indians,bat,Mumbai Indians,Mumbai Indians,Sunrisers Hyderabad
1216539,1216539,2020/21,2020/09/25,Dubai International Cricket Stadium,,Chennai Super Kings,field,Delhi Capitals,Delhi Capitals,Chennai Super Kings
1216540,1216540,2020/21,2020/10/12,Sharjah Cricket Stadium,,Royal Challengers Bangalore,bat,Royal Challengers Bangalore,Royal Challengers Bangalore,Kolkata Knight Riders
1216541,1216541,2020/21,2020/10/25,Sheikh Zayed Stadium,Abu Dhabi,Mumbai Indians,bat,Rajasthan Royals,Mumbai Indians,Rajasthan Royals
1216542,1216542,2020/21,2020/10/08,Dubai International Cricket Stadium,,Sunrisers Hyderabad,bat,Sunrisers Hyderabad,Sunrisers Hyderabad,Kings XI Punjab
1216543,1216543,2020/21,2020/10/14,Dubai International Cricket Stadium,,Delhi Capitals,bat,Delhi Capitals,Delhi Capitals,Rajasthan Royals
1216544,1216544,2020/21,2020/10/25,Dubai International Cricket Stadium,,Royal Challengers Bangalore,bat,Chennai Super Kings,Royal Challengers Bangalore,Chennai Super Kings
1216545,1216545,2020/21,2020/09/26,Sheikh Zayed Stadium,Abu Dhabi,Sunrisers Hyderabad,bat,Kolkata Knight Riders,Sunrisers Hyderabad,Kolkata Knight Riders
1216546,1216546,2020/21,2020/10/20,Dubai International Cricket Stadium,,Delhi Capitals,bat,Kings XI Punjab,Delhi Capitals,Kings XI Punjab
1216547,1216547,2020/21,2020/09/28,Dubai International Cricket Stadium,,Mumbai Indians,field,,Royal Challengers Bangalore,Mumbai Indians
1237177,1237177,2020/21,2020/11/05,Dubai International Cricket Stadium,,Delhi Capitals,field,Mumbai Indians,Mumbai Indians,Delhi Capitals
1237178,1237178,2020/21,2020/11/06,Sheikh Zayed Stadium,Abu Dhabi,Sunrisers Hyderabad,field,Sunrisers Hyderabad,Royal Challengers Bangalore,Sunrisers Hyderabad
1237180,1237180,2020/21,2020/11/08,Sheikh Zayed Stadium,Abu Dhabi,Delhi Capitals,bat,Delhi Capitals,Delhi Capitals,Sunrisers Hyderabad
1237181,1237181,2020/21,2020/11/10,Dubai International Cricket Stadium,,Delhi Capitals,bat,Mumbai Indians,Delhi Capitals,Mumbai Indians
1254058,1254058,2021,2021/04/09,"MA Chidambaram Stadium, Chepauk, Chennai",Chennai,Royal Challengers Bangalore,field,Royal Challengers Bangalore,Mumbai Indians,Royal Challengers Bangalore
1254059,1254059,2021,2021/04/10,"Wankhede Stadium, Mumbai",Mumbai,Delhi Capitals,field,Delhi Capitals,Chennai Super Kings,Delhi Capitals
1254060,1254060,2021,2021/04/11,"MA Chidambaram Stadium, Chepauk, Chennai",Chennai,Sunrisers Hyderabad,field,Kolkata Knight Riders,Kolkata Knight Riders,Sunrisers Hyderabad
1254061,1254061,2021,2021/04/12,"Wankhede Stadium, Mumbai",Mumbai,Rajasthan Royals,field,Punjab Kings,Punjab Kings,Rajasthan Royals
1254062,1254062,2021,2021/04/13,"MA Chidambaram Stadium, Chepauk, Chennai",Chennai,Kolkata Knight Riders,field,Mumbai Indians,Mumbai Indians,Kolkata Knight Riders
1254063,1254063,2021,2021/04/14,"MA Chidambaram Stadium, Chepauk, Chennai",Chennai,Sunrisers Hyderabad,field,Royal Challengers Bangalore,Royal Challengers Bangalore,Sunrisers Hyderabad
1254064,1254064,2021,2021/04/15,"Wankhede Stadium, Mumbai",Mumbai,Rajasthan Royals,field,Rajasthan Royals,Delhi Capitals,Rajasthan Royals
1254065,1254065,2021,2021/04/16,"Wankhede Stadium, Mumbai",Mumbai,Chennai Super Kings,field,Chennai Super Kings,Punjab Kings,Chennai Super Kings
1254066,1254066,2021,2021/04/17,"MA Chidambaram Stadium, Chepauk, Chennai",Chennai,Mumbai Indians,bat,Mumbai Indians,Mumbai Indians,Sunrisers Hyderabad
1254067,1254067,2021,2021/04/18,"MA Chidambaram Stadium, Chepauk, Chennai",Chennai,Royal Challengers Bangalore,bat,Royal Challengers Bangalore,Royal Challengers Bangalore,Kolkata Knight Riders
1254068,1254068,2021,2021/04/18,"Wankhede Stadium, Mumbai",Mumbai,Delhi Capitals,field,Delhi Capitals,Punjab Kings,Delhi Capitals
1254069,1254069,2021,2021/04/19,"Wankhede Stadium, Mumbai",Mumbai,Rajasthan Royals,field,Chennai Super Kings,Chennai Super Kings,Rajasthan Royals
1254070,1254070,2021,2021/04/20,"MA Chidambaram Stadium, Chepauk, Chennai",Chennai,Mumbai Indians,bat,Delhi Capitals,Mumbai Indians,Delhi Capitals
1254071,1254071,2021,2021/04/21,"MA Chidambaram Stadium, Chepauk, Chennai",Chennai,Punjab Kings,bat,Sunrisers Hyderabad,Punjab Kings,Sunrisers Hyderabad
1254072,1254072,2021,2021/04/21,"Wankhede Stadium, Mumbai",Mumbai,Kolkata Knight Riders,field,Chennai Super Kings,Chennai Super Kings,Kolkata Knight Riders
1254073,1254073,2021,2021/04/22,"Wankhede Stadium, Mumbai",Mumbai,Royal Challengers Bangalore,field,Royal Challengers Bangalore,Rajasthan Royals,Royal Challengers Bangalore
1254074,1254074,2021,2021/04/23,"MA Chidambaram Stadium, Chepauk, Chennai",Chennai,Punjab Kings,field,Punjab Kings,Mumbai Indians,Punjab Kings
1254075,1254075,2021,2021/04/24,"Wankhede Stadium, Mumbai",Mumbai,Rajasthan Royals,field,Rajasthan Royals,Kolkata Knight Riders,Rajasthan Royals
1254076,1254076,2021,2021/04/25,"Wankhede Stadium, Mumbai",Mumbai,Chennai Super Kings,bat,Chennai Super Kings,Chennai Super Kings,Royal Challengers Bangalore
1254077,1254077,2021,2021/04/25,"MA Chidambaram Stadium, Chepauk, Chennai",Chennai,Delhi Capitals,bat,,Delhi Capitals,Sunrisers Hyderabad
1254078,1254078,2021,2021/04/26,"Narendra Modi Stadium, Ahmedabad",Ahmedabad,Kolkata Knight Riders,field,Kolkata Knight Riders,Punjab Kings,Kolkata Knight Riders
1254079,1254079,2021,2021/04/27,"Narendra Modi Stadium, Ahmedabad",Ahmedabad,Delhi Capitals,field,Royal Challengers Bangalore,Royal Challengers Bangalore,Delhi Capitals
1254080,1254080,2021,2021/04/28,"Arun Jaitley Stadium, Delhi",Delhi,Sunrisers Hyderabad,bat,Chennai Super Kings,Sunrisers Hyderabad,Chennai Super Kings
1254081,1254081,2021,2021/04/29,"Arun Jaitley Stadium, Delhi",Delhi,Mumbai Indians,field,Mumbai Indians,Rajasthan Royals,Mumbai Indians
1254082,1254082,2021,2021/04/29,"Narendra Modi Stadium, Ahmedabad",Ahmedabad,Delhi Capitals,field,Delhi Capitals,Kolkata Knight Riders,Delhi Capitals
1254083,1254083,2021,2021/04/30,"Narendra Modi Stadium, Ahmedabad",Ahmedabad,Royal Challengers Bangalore,field,Punjab Kings,Punjab Kings,Royal Challengers Bangalore
1254084,1254084,2021,2021/05/01,"Arun Jaitley Stadium, Delhi",Delhi,Mumbai Indians,field,Mumbai Indians,Chennai Super Kings,Mumbai Indians
1254085,1254085,2021,2021/05/02,"Arun Jaitley Stadium, Delhi",Delhi,Sunrisers Hyderabad,field,Rajasthan Royals,Rajasthan Royals,Sunrisers Hyderabad
1254086,1254086,2021,2021/05/02,"Narendra Modi Stadium, Ahmedabad",Ahmedabad,Delhi Capitals,field,Delhi Capitals,Punjab Kings,Delhi Capitals
1254087,1254087,2021,2021/09/20,"Zayed Cricket Stadium, Abu Dhabi",Abu Dhabi,Royal Challengers Bangalore,bat,Kolkata Knight Riders,Royal Challengers Bangalore,Kolkata Knight Riders
1254088,1254088,2021,2021/10/08,"Zayed Cricket Stadium, Abu Dhabi",Abu Dhabi,Mumbai Indians,bat,Mumbai Indians,Mumbai Indians,Sunrisers Hyderabad
1254089,1254089,2021,2021/10/02,"Zayed Cricket Stadium, Abu Dhabi",Abu Dhabi,Rajasthan Royals,field,Rajasthan Royals,Chennai Super Kings,Rajasthan Royals
1254090,1254090,2021,2021/10/03,Sharjah Cricket Stadium,Sharjah,Royal Challengers Bangalore,bat,Royal Challengers Bangalore,Royal Challengers Bangalore,Punjab Kings
1254091,1254091,2021,2021/09/30,Sharjah Cricket Stadium,Sharjah,Chennai Super Kings,field,Chennai Super Kings,Sunrisers Hyderabad,Chennai Super Kings
1254092,1254092,2021,2021/09/28,Sharjah Cricket Stadium,Sharjah,Kolkata Knight Riders,field,Kolkata Knight Riders,Delhi Capitals,Kolkata Knight Riders
1254093,1254093,2021,2021/10/05,Sharjah Cricket Stadium,Sharjah,Mumbai Indians,field,Mumbai Indians,Rajasthan Royals,Mumbai Indians
1254094,1254094,2021,2021/10/07,Dubai International Cricket Stadium,Dubai,Punjab Kings,field,Punjab Kings,Chennai Super Kings,Punjab Kings
1254095,1254095,2021,2021/10/06,"Zayed Cricket Stadium, Abu Dhabi",Abu Dhabi,Royal Challengers Bangalore,field,Sunrisers Hyderabad,Sunrisers Hyderabad,Royal Challengers Bangalore
1254096,1254096,2021,2021/09/23,"Zayed Cricket Stadium, Abu Dhabi",Abu Dhabi,Kolkata Knight Riders,field,Kolkata Knight Riders,Mumbai Indians,Kolkata Knight Riders
1254097,1254097,2021,2021/09/25,"Zayed Cricket Stadium, Abu Dhabi",Abu Dhabi,Rajasthan Royals,field,Delhi Capitals,Delhi Capitals,Rajasthan Royals
1254098,1254098,2021,2021/09/26,"Zayed Cricket Stadium, Abu Dhabi",Abu Dhabi,Kolkata Knight Riders,bat,Chennai Super Kings,Kolkata Knight Riders,Chennai Super Kings
1254099,1254099,2021,2021/09/28,"Zayed Cricket Stadium, Abu Dhabi",Abu Dhabi,Mumbai Indians,field,Mumbai Indians,Punjab Kings,Mumbai Indians
1254100,1254100,2021,2021/09/27,Dubai International Cricket Stadium,Dubai,Rajasthan Royals,bat,Sunrisers Hyderabad,Rajasthan Royals,Sunrisers Hyderabad
1254101,1254101,2021,2021/10/08,Dubai International Cricket Stadium,Dubai,Royal Challengers Bangalore,field,Royal Challengers Bangalore,Delhi Capitals,Royal Challengers Bangalore
1254102,1254102,2021,2021/10/01,Dubai International Cricket Stadium,Dubai,Punjab Kings,field,Punjab Kings,Kolkata Knight Riders,Punjab Kings
1254103,1254103,2021,2021/09/29,Dubai International Cricket Stadium,Dubai,Royal Challengers Bangalore,field,Royal Challengers Bangalore,Rajasthan Royals,Royal Challengers Bangalore
1254104,1254104,2021,2021/09/19,Dubai International Cricket Stadium,Dubai,Chennai Super Kings,bat,Chennai Super Kings,Chennai Super Kings,Mumbai Indians
1254105,1254105,2021,2021/09/22,Dubai International Cricket Stadium,Dubai,Sunrisers Hyderabad,bat,Delhi Capitals,Sunrisers Hyderabad,Delhi Capitals
1254106,1254106,2021,2021/10/07,Sharjah Cricket Stadium,Sharjah,Rajasthan Royals,field,Kolkata Knight Riders,Kolkata Knight Riders,Rajasthan Royals
1254107,1254107,2021,2021/09/25,Sharjah Cricket Stadium,Sharjah,Sunrisers Hyderabad,field,Punjab Kings,Punjab Kings,Sunrisers Hyderabad
1254108,1254108,2021,2021/09/26,Dubai International Cricket Stadium,Dubai,Mumbai Indians,field,Royal Challengers Bangalore,Royal Challengers Bangalore,Mumbai Indians
1254109,1254109,2021,2021/10/03,Dubai International Cricket Stadium,Dubai,Sunrisers Hyderabad,bat,Kolkata Knight Riders,Sunrisers Hyderabad,Kolkata Knight Riders
1254110,1254110,2021,2021/10/04,Dubai International Cricket Stadium,Dubai,Delhi Capitals,field,Delhi Capitals,Chennai Super Kings,Delhi Capitals
1254111,1254111,2021,2021/09/21,Dubai International Cricket Stadium,Dubai,Punjab Kings,field,Rajasthan Royals,Rajasthan Royals,Punjab Kings
1254112,1254112,2021,2021/10/02,Sharjah Cricket Stadium,Sharjah,Delhi Capitals,field,Delhi Capitals,Mumbai Indians,Delhi Capitals
1254113,1254113,2021,2021/09/24,Sharjah Cricket Stadium,Sharjah,Chennai Super Kings,field,Chennai Super Kings,Royal Challengers Bangalore,Chennai Super Kings
1254114,1254114,2021,2021/10/10,Dubai International Cricket Stadium,Dubai,Chennai Super Kings,field,Chennai Super Kings,Delhi Capitals,Chennai Super Kings
1254115,1254115,2021,2021/10/11,Sharjah Cricket Stadium,Sharjah,Royal Challengers Bangalore,bat,Kolkata Knight Riders,Royal Challengers Bangalore,Kolkata Knight Riders
1254116,1254116,2021,2021/10/13,Sharjah Cricket Stadium,Sharjah,Kolkata Knight Riders,field,Kolkata Knight Riders,Delhi Capitals,Kolkata Knight Riders
1254117,1254117,2021,2021/10/15,Dubai International Cricket Stadium,Dubai,Kolkata Knight Riders,field,Chennai Super Kings,Chennai Super Kings,Kolkata Knight Riders
1304047,1304047,2022,2022/03/26,"Wankhede Stadium, Mumbai",Mumbai,Kolkata Knight Riders,field,Kolkata Knight Riders,Chennai Super Kings,Kolkata Knight Riders
1304048,1304048,2022,2022/03/27,"Brabourne Stadium, Mumbai",Mumbai,Delhi Capitals,field,Delhi Capitals,Mumbai Indians,Delhi Capitals
1304049,1304049,2022,2022/03/27,"Dr DY Patil Sports Academy, Mumbai",Mumbai,Punjab Kings,field,Punjab Kings,Royal Challengers Bangalore,Punjab Kings
1304050,1304050,2022,2022/03/28,"Wankhede Stadium, Mumbai",Mumbai,Gujarat Titans,field,Gujarat Titans,Lucknow Super Giants,Gujarat Titans
1304051,1304051,2022,2022/03/29,"Maharashtra Cricket Association Stadium, Pune",Pune,Sunrisers Hyderabad,field,Rajasthan Royals,Rajasthan Royals,Sunrisers Hyderabad
1304052,1304052,2022,2022/03/30,"Dr DY Patil Sports Academy, Mumbai",Mumbai,Royal Challengers Bangalore,field,Royal Challengers Bangalore,Kolkata Knight Riders,Royal Challengers Bangalore
1304053,1304053,2022,2022/03/31,"Brabourne Stadium, Mumbai",Mumbai,Lucknow Super Giants,field,Lucknow Super Giants,Chennai Super Kings,Lucknow Super Giants
1304054,1304054,2022,2022/04/01,"Wankhede Stadium, Mumbai",Mumbai,Kolkata Knight Riders,field,Kolkata Knight Riders,Punjab Kings,Kolkata Knight Riders
1304055,1304055,2022,2022/04/02,"Dr DY Patil Sports Academy, Mumbai",Mumbai,Mumbai Indians,field,Rajasthan Royals,Rajasthan Royals,Mumbai Indians
1304056,1304056,2022,2022/04/02,"Maharashtra Cricket Association Stadium, Pune",Pune,Delhi Capitals,field,Gujarat Titans,Gujarat Titans,Delhi Capitals
1304057,1304057,2022,2022/04/03,"Brabourne Stadium, Mumbai",Mumbai,Chennai Super Kings,field,Punjab Kings,Punjab Kings,Chennai Super Kings
1304058,1304058,2022,2022/04/04,"Dr DY Patil Sports Academy, Mumbai",Mumbai,Sunrisers Hyderabad,field,Lucknow Super Giants,Lucknow Super Giants,Sunrisers Hyderabad
1304059,1304059,2022,2022/04/05,"Wankhede Stadium, Mumbai",Mumbai,Royal Challengers Bangalore,field,Royal Challengers Bangalore,Rajasthan Royals,Royal Challengers Bangalore
1304060,1304060,2022,2022/04/06,"Maharashtra Cricket Association Stadium, Pune",Pune,Kolkata Knight Riders,field,Kolkata Knight Riders,Mumbai Indians,Kolkata Knight Riders
1304061,1304061,2022,2022/04/07,"Dr DY Patil Sports Academy, Mumbai",Mumbai,Lucknow Super Giants,field,Lucknow Super Giants,Delhi Capitals,Lucknow Super Giants
1304062,1304062,2022,2022/04/08,"Brabourne Stadium, Mumbai",Mumbai,Gujarat Titans,field,Gujarat Titans,Punjab Kings,Gujarat Titans
1304063,1304063,2022,2022/04/09,"Dr DY Patil Sports Academy, Mumbai",Mumbai,Sunrisers Hyderabad,field,Sunrisers Hyderabad,Chennai Super Kings,Sunrisers Hyderabad
1304064,1304064,2022,2022/04/09,"Maharashtra Cricket Association Stadium, Pune",Pune,Royal Challengers Bangalore,field,Royal Challengers Bangalore,Mumbai Indians,Royal Challengers Bangalore
1304065,1304065,2022,2022/04/10,"Brabourne Stadium, Mumbai",Mumbai,Kolkata Knight Riders,field,Delhi Capitals,Delhi Capitals,Kolkata Knight Riders
1304066,1304066,2022,2022/04/10,"Wankhede Stadium, Mumbai",Mumbai,Lucknow Super Giants,field,Rajasthan Royals,Rajasthan Royals,Lucknow Super Giants
1304067,1304067,2022,2022/04/11,"Dr DY Patil Sports Academy, Mumbai",Mumbai,Sunrisers Hyderabad,field,Sunrisers Hyderabad,Gujarat Titans,Sunrisers Hyderabad
1304068,1304068,2022,2022/04/12,"Dr DY Patil Sports Academy, Mumbai",Mumbai,Royal Challengers Bangalore,field,Chennai Super Kings,Chennai Super Kings,Royal Challengers Bangalore
1304069,1304069,2022,2022/04/13,"Maharashtra Cricket Association Stadium, Pune",Pune,Mumbai Indians,field,Punjab Kings,Punjab Kings,Mumbai Indians
1304070,1304070,2022,2022/04/14,"Dr DY Patil Sports Academy, Mumbai",Mumbai,Rajasthan Royals,field,Gujarat Titans,Gujarat Titans,Rajasthan Royals
1304071,1304071,2022,2022/04/15,"Brabourne Stadium, Mumbai",Mumbai,Sunrisers Hyderabad,field,Sunrisers Hyderabad,Kolkata Knight Riders,Sunrisers Hyderabad
1304072,1304072,2022,2022/04/16,"Brabourne Stadium, Mumbai",Mumbai,Mumbai Indians,field,Lucknow Super Giants,Lucknow Super Giants,Mumbai Indians
1304073,1304073,2022,2022/04/16,"Wankhede Stadium, Mumbai",Mumbai,Delhi Capitals,field,Royal Challengers Bangalore,Royal Challengers Bangalore,Delhi Capitals
1304074,1304074,2022,2022/04/17,"Dr DY Patil Sports Academy, Mumbai",Mumbai,Sunrisers Hyderabad,field,Sunrisers Hyderabad,Punjab Kings,Sunrisers Hyderabad
1304075,1304075,2022,2022/04/17,"Maharashtra Cricket Association Stadium, Pune",Pune,Gujarat Titans,field,Gujarat Titans,Chennai Super Kings,Gujarat Titans
1304076,1304076,2022,2022/04/18,"Brabourne Stadium, Mumbai",Mumbai,Kolkata Knight Riders,field,Rajasthan Royals,Rajasthan Royals,Kolkata Knight Riders
1304077,1304077,2022,2022/04/19,"Dr DY Patil Sports Academy, Mumbai",Mumbai,Lucknow Super Giants,field,Royal Challengers Bangalore,Royal Challengers Bangalore,Lucknow Super Giants
1304078,1304078,2022,2022/04/20,"Brabourne Stadium, Mumbai",Mumbai,Delhi Capitals,field,Delhi Capitals,Punjab Kings,Delhi Capitals
1304079,1304079,2022,2022/04/21,"Dr DY Patil Sports Academy, Mumbai",Navi Mumbai,Chennai Super Kings,field,Chennai Super Kings,Mumbai Indians,Chennai Super Kings
1304080,1304080,2022,2022/04/22,"Wankhede Stadium, Mumbai",Mumbai,Delhi Capitals,field,Rajasthan Royals,Rajasthan Royals,Delhi Capitals
1304081,1304081,2022,2022/04/23,"Dr DY Patil Sports Academy, Mumbai",Navi Mumbai,Gujarat Titans,bat,Gujarat Titans,Gujarat Titans,Kolkata Knight Riders
1304082,1304082,2022,2022/04/23,"Brabourne Stadium, Mumbai",Mumbai,Sunrisers Hyderabad,field,Sunrisers Hyderabad,Royal Challengers Bangalore,Sunrisers Hyderabad
1304083,1304083,2022,2022/04/24,"Wankhede Stadium, Mumbai",Mumbai,Mumbai Indians,field,Lucknow Super Giants,Lucknow Super Giants,Mumbai Indians
1304084,1304084,2022,2022/04/25,"Wankhede Stadium, Mumbai",Mumbai,Chennai Super Kings,field,Punjab Kings,Punjab Kings,Chennai Super Kings
1304085,1304085,2022,2022/04/26,"Maharashtra Cricket Association Stadium, Pune",Pune,Royal Challengers Bangalore,field,Rajasthan Royals,Rajasthan Royals,Royal Challengers Bangalore
1304086,1304086,2022,2022/04/27,"Wankhede Stadium, Mumbai",Mumbai,Gujarat Titans,field,Gujarat Titans,Sunrisers Hyderabad,Gujarat Titans
1304087,1304087,2022,2022/04/28,"Wankhede Stadium, Mumbai",Mumbai,Delhi Capitals,field,Delhi Capitals,Kolkata Knight Riders,Delhi Capitals
1304088,1304088,2022,2022/04/29,"Maharashtra Cricket Association Stadium, Pune",Pune,Punjab Kings,field,Lucknow Super Giants,Lucknow Super Giants,Punjab Kings
1304089,1304089,2022,2022/04/30,"Brabourne Stadium, Mumbai",Mumbai,Royal Challengers Bangalore,bat,Gujarat Titans,Royal Challengers Bangalore,Gujarat Titans
1304090,1304090,2022,2022/04/30,"Dr DY Patil Sports Academy, Mumbai",Navi Mumbai,Mumbai Indians,field,Mumbai Indians,Rajasthan Royals,Mumbai Indians
1304091,1304091,2022,2022/05/01,"Wankhede Stadium, Mumbai",Mumbai,Lucknow Super Giants,bat,Lucknow Super Giants,Lucknow Super Giants,Delhi Capitals
1304092,1304092,2022,2022/05/01,"Maharashtra Cricket Association Stadium, Pune",Pune,Sunrisers Hyderabad,field,Chennai Super Kings,Chennai Super Kings,Sunrisers Hyderabad
1304093,1304093,2022,2022/05/02,"Wankhede Stadium, Mumbai",Mumbai,Kolkata Knight Riders,field,Kolkata Knight Riders,Rajasthan Royals,Kolkata Knight Riders
1304094,1304094,2022,2022/05/03,"Dr DY Patil Sports Academy, Mumbai",Navi Mumbai,Gujarat Titans,bat,Punjab Kings,Gujarat Titans,Punjab Kings
1304095,1304095,2022,2022/05/04,"Maharashtra Cricket Association Stadium, Pune",Pune,Chennai Super Kings,field,Royal Challengers Bangalore,Royal Challengers Bangalore,Chennai Super Kings
1304096,1304096,2022,2022/05/05,"Brabourne Stadium, Mumbai",Mumbai,Sunrisers Hyderabad,field,Delhi Capitals,Delhi Capitals,Sunrisers Hyderabad
1304097,1304097,2022,2022/05/06,"Brabourne Stadium, Mumbai",Mumbai,Gujarat Titans,field,Mumbai Indians,Mumbai Indians,Gujarat Titans
1304098,1304098,2022,2022/05/07,"Wankhede Stadium, Mumbai",Mumbai,Punjab Kings,bat,Rajasthan Royals,Punjab Kings,Rajasthan Royals
1304099,1304099,2022,2022/05/07,"Maharashtra Cricket Association Stadium, Pune",Pune,Kolkata Knight Riders,field,Lucknow Super Giants,Lucknow Super Giants,Kolkata Knight Riders
1304100,1304100,2022,2022/05/08,"Wankhede Stadium, Mumbai",Mumbai,Royal Challengers Bangalore,bat,Royal Challengers Bangalore,Royal Challengers Bangalore,Sunrisers Hyderabad
1304101,1304101,2022,2022/05/08,"Dr DY Patil Sports Academy, Mumbai",Navi Mumbai,Delhi Capitals,field,Chennai Super Kings,Chennai Super Kings,Delhi Capitals
1304102,1304102,2022,2022/05/09,"Dr DY Patil Sports Academy, Mumbai",Navi Mumbai,Mumbai Indians,field,Kolkata Knight Riders,Kolkata Knight Riders,Mumbai Indians
1304103,1304103,2022,2022/05/10,"Maharashtra Cricket Association Stadium, Pune",Pune,Gujarat Titans,bat,Gujarat Titans,Gujarat Titans,Lucknow Super Giants
1304104,1304104,2022,2022/05/11,"Dr DY Patil Sports Academy, Mumbai",Navi Mumbai,Delhi Capitals,field,Delhi Capitals,Rajasthan Royals,Delhi Capitals
1304105,1304105,2022,2022/05/12,"Wankhede Stadium, Mumbai",Mumbai,Mumbai Indians,field,Mumbai Indians,Chennai Super Kings,Mumbai Indians
1304106,1304106,2022,2022/05/13,"Brabourne Stadium, Mumbai",Mumbai,Royal Challengers Bangalore,field,Punjab Kings,Punjab Kings,Royal Challengers Bangalore
1304107,1304107,2022,2022/05/14,"Maharashtra Cricket Association Stadium, Pune",Pune,Kolkata Knight Riders,bat,Kolkata Knight Riders,Kolkata Knight Riders,Sunrisers Hyderabad
1304108,1304108,2022,2022/05/15,"Wankhede Stadium, Mumbai",Mumbai,Chennai Super Kings,bat,Gujarat Titans,Chennai Super Kings,Gujarat Titans
1304109,1304109,2022,2022/05/15,"Brabourne Stadium, Mumbai",Mumbai,Rajasthan Royals,bat,Rajasthan Royals,Rajasthan Royals,Lucknow Super Giants
1304110,1304110,2022,2022/05/16,"Dr DY Patil Sports Academy, Mumbai",Navi Mumbai,Punjab Kings,field,Delhi Capitals,Delhi Capitals,Punjab Kings
1304111,1304111,2022,2022/05/17,"Wankhede Stadium, Mumbai",Mumbai,Mumbai Indians,field,Sunrisers Hyderabad,Sunrisers Hyderabad,Mumbai Indians
1304112,1304112,2022,2022/05/18,"Dr DY Patil Sports Academy, Mumbai",Navi Mumbai,Lucknow Super Giants,bat,Lucknow Super Giants,Lucknow Super Giants,Kolkata Knight Riders
1304113,1304113,2022,2022/05/19,"Wankhede Stadium, Mumbai",Mumbai,Gujarat Titans,bat,Royal Challengers Bangalore,Gujarat Titans,Royal Challengers Bangalore
1304114,1304114,2022,2022/05/20,"Brabourne Stadium, Mumbai",Mumbai,Chennai Super Kings,bat,Rajasthan Royals,Chennai Super Kings,Rajasthan Royals
1304115,1304115,2022,2022/05/21,"Wankhede Stadium, Mumbai",Mumbai,Mumbai Indians,field,Mumbai Indians,Delhi Capitals,Mumbai Indians
1304116,1304116,2022,2022/05/22,"Wankhede Stadium, Mumbai",Mumbai,Sunrisers Hyderabad,bat,Punjab Kings,Sunrisers Hyderabad,Punjab Kings
1312197,1312197,2022,2022/05/24,"Eden Gardens, Kolkata",Kolkata,Gujarat Titans,field,Gujarat Titans,Rajasthan Royals,Gujarat Titans
1312198,1312198,2022,2022/05/25,"Eden Gardens, Kolkata",Kolkata,Lucknow Super Giants,field,Royal Challengers Bangalore,Royal Challengers Bangalore,Lucknow Super Giants
1312199,1312199,2022,2022/05/27,"Narendra Modi Stadium, Ahmedabad",Ahmedabad,Rajasthan Royals,field,Rajasthan Royals,Royal Challengers Bangalore,Rajasthan Royals
1312200,1312200,2022,2022/05/29,"Narendra Modi Stadium, Ahmedabad",Ahmedabad,Rajasthan Royals,bat,Gujarat Titans,Rajasthan Royals,Gujarat Titans
1359475,1359475,2023,2023/03/31,"Narendra Modi Stadium, Ahmedabad",Ahmedabad,Gujarat Titans,field,Gujarat Titans,Chennai Super Kings,Gujarat Titans
1359476,1359476,2023,2023/04/01,"Punjab Cricket Association IS Bindra Stadium, Mohali, Chandigarh",Chandigarh,Kolkata Knight Riders,field,Punjab Kings,Punjab Kings,Kolkata Knight Riders
1359477,1359477,2023,2023/04/01,"Bharat Ratna Shri Atal Bihari Vajpayee Ekana Cricket Stadium, Lucknow",Lucknow,Delhi Capitals,field,Lucknow Super Giants,Lucknow Super Giants,Delhi Capitals
1359478,1359478,2023,2023/04/02,"Rajiv Gandhi International Stadium, Uppal, Hyderabad",Hyderabad,Sunrisers Hyderabad,field,Rajasthan Royals,Rajasthan Royals,Sunrisers Hyderabad
1359479,1359479,2023,2023/04/02,"M Chinnaswamy Stadium, Bengaluru",Bengaluru,Royal Challengers Bangalore,field,Royal Challengers Bangalore,Mumbai Indians,Royal Challengers Bangalore
1359480,1359480,2023,2023/04/03,"MA Chidambaram Stadium, Chepauk, Chennai",Chennai,Lucknow Super Giants,field,Chennai Super Kings,Chennai Super Kings,Lucknow Super Giants
1359481,1359481,2023,2023/04/04,"Arun Jaitley Stadium, Delhi",Delhi,Gujarat Titans,field,Gujarat Titans,Delhi Capitals,Gujarat Titans
1359482,1359482,2023,2023/04/05,"Barsapara Cricket Stadium, Guwahati",Guwahati,Rajasthan Royals,field,Punjab Kings,Punjab Kings,Rajasthan Royals
1359483,1359483,2023,2023/04/06,"Eden Gardens, Kolkata",Kolkata,Royal Challengers Bangalore,field,Kolkata Knight Riders,Kolkata Knight Riders,Royal Challengers Bangalore
1359484,1359484,2023,2023/04/07,"Bharat Ratna Shri Atal Bihari Vajpayee Ekana Cricket Stadium, Lucknow",Lucknow,Sunrisers Hyderabad,bat,Lucknow Super Giants,Sunrisers Hyderabad,Lucknow Super Giants
1359485,1359485,2023,2023/04/08,"Barsapara Cricket Stadium, Guwahati",Guwahati,Delhi Capitals,field,Rajasthan Royals,Rajasthan Royals,Delhi Capitals
1359486,1359486,2023,2023/04/08,"Wankhede Stadium, Mumbai",Mumbai,Chennai Super Kings,field,Chennai Super Kings,Mumbai Indians,Chennai Super Kings
1359487,1359487,2023,2023/04/09,"Narendra Modi Stadium, Ahmedabad",Ahmedabad,Gujarat Titans,bat,Kolkata Knight Riders,Gujarat Titans,Kolkata Knight Riders
1359488,1359488,2023,2023/04/09,"Rajiv Gandhi International Stadium, Uppal, Hyderabad",Hyderabad,Sunrisers Hyderabad,field,Sunrisers Hyderabad,Punjab Kings,Sunrisers Hyderabad
1359489,1359489,2023,2023/04/10,"M Chinnaswamy Stadium, Bengaluru",Bengaluru,Lucknow Super Giants,field,Lucknow Super Giants,Royal Challengers Bangalore,Lucknow Super Giants
1359490,1359490,2023,2023/04/11,"Arun Jaitley Stadium, Delhi",Delhi,Mumbai Indians,field,Mumbai Indians,Delhi Capitals,Mumbai Indians
1359491,1359491,2023,2023/04/12,"MA Chidambaram Stadium, Chepauk, Chennai",Chennai,Chennai Super Kings,field,Rajasthan Royals,Rajasthan Royals,Chennai Super Kings
1359492,1359492,2023,2023/04/13,"Punjab Cricket Association IS Bindra Stadium, Mohali, Chandigarh",Chandigarh,Gujarat Titans,field,Gujarat Titans,Punjab Kings,Gujarat Titans
1359493,1359493,2023,2023/04/14,"Eden Gardens, Kolkata",Kolkata,Kolkata Knight Riders,field,Sunrisers Hyderabad,Sunrisers Hyderabad,Kolkata Knight Riders
1359494,1359494,2023,2023/04/15,"M Chinnaswamy Stadium, Bengaluru",Bengaluru,Delhi Capitals,field,Royal Challengers Bangalore,Royal Challengers Bangalore,Delhi Capitals
1359495,1359495,2023,2023/04/15,"Bharat Ratna Shri Atal Bihari Vajpayee Ekana Cricket Stadium, Lucknow",Lucknow,Punjab Kings,field,Punjab Kings,Lucknow Super Giants,Punjab Kings
1359496,1359496,2023,2023/04/16,"Wankhede Stadium, Mumbai",Mumbai,Mumbai Indians,field,Mumbai Indians,Kolkata Knight Riders,Mumbai Indians
1359497,1359497,2023,2023/04/16,"Narendra Modi Stadium, Ahmedabad",Ahmedabad,Rajasthan Royals,field,Rajasthan Royals,Gujarat Titans,Rajasthan Royals
1359498,1359498,2023,2023/04/17,"M Chinnaswamy Stadium, Bengaluru",Bengaluru,Royal Challengers Bangalore,field,Chennai Super Kings,Chennai Super Kings,Royal Challengers Bangalore
1359499,1359499,2023,2023/04/18,"Rajiv Gandhi International Stadium, Uppal, Hyderabad",Hyderabad,Sunrisers Hyderabad,field,Mumbai Indians,Mumbai Indians,Sunrisers Hyderabad
1359500,1359500,2023,2023/04/19,"Sawai Mansingh Stadium, Jaipur",Jaipur,Rajasthan Royals,field,Lucknow Super Giants,Lucknow Super Giants,Rajasthan Royals
1359501,1359501,2023,2023/04/20,"Punjab Cricket Association IS Bindra Stadium, Mohali, Chandigarh",Chandigarh,Punjab Kings,field,Royal Challengers Bangalore,Royal Challengers Bangalore,Punjab Kings
1359502,1359502,2023,2023/04/20,"Arun Jaitley Stadium, Delhi",Delhi,Delhi Capitals,field,Delhi Capitals,Kolkata Knight Riders,Delhi Capitals
1359503,1359503,2023,2023/04/21,"MA Chidambaram Stadium, Chepauk, Chennai",Chennai,Chennai Super Kings,field,Chennai Super Kings,Sunrisers Hyderabad,Chennai Super Kings
1359504,1359504,2023,2023/04/22,"Bharat Ratna Shri Atal Bihari Vajpayee Ekana Cricket Stadium, Lucknow",Lucknow,Gujarat Titans,bat,Gujarat Titans,Gujarat Titans,Lucknow Super Giants
1359505,1359505,2023,2023/04/22,"Wankhede Stadium, Mumbai",Mumbai,Mumbai Indians,field,Punjab Kings,Punjab Kings,Mumbai Indians
1359506,1359506,2023,2023/04/23,"M Chinnaswamy Stadium, Bengaluru",Bengaluru,Rajasthan Royals,field,Royal Challengers Bangalore,Royal Challengers Bangalore,Rajasthan Royals
1359507,1359507,2023,2023/04/23,"Eden Gardens, Kolkata",Kolkata,Kolkata Knight Riders,field,Chennai Super Kings,Chennai Super Kings,Kolkata Knight Riders
1359508,1359508,2023,2023/04/24,"Rajiv Gandhi International Stadium, Uppal, Hyderabad",Hyderabad,Delhi Capitals,bat,Delhi Capitals,Delhi Capitals,Sunrisers Hyderabad
1359509,1359509,2023,2023/04/25,"Narendra Modi Stadium, Ahmedabad",Ahmedabad,Mumbai Indians,field,Gujarat Titans,Gujarat Titans,Mumbai Indians
1359510,1359510,2023,2023/04/26,"M Chinnaswamy Stadium, Bengaluru",Bengaluru,Royal Challengers Bangalore,field,Kolkata Knight Riders,Kolkata Knight Riders,Royal Challengers Bangalore
1359511,1359511,2023,2023/04/27,"Sawai Mansingh Stadium, Jaipur",Jaipur,Rajasthan Royals,bat,Rajasthan Royals,Rajasthan Royals,Chennai Super Kings
1359512,1359512,2023,2023/04/28,"Punjab Cricket Association IS Bindra Stadium, Mohali, Chandigarh",Chandigarh,Punjab Kings,field,Lucknow Super Giants,Lucknow Super Giants,Punjab Kings
1359513,1359513,2023,2023/04/29,"Eden Gardens, Kolkata",Kolkata,Gujarat Titans,field,Gujarat Titans,Kolkata Knight Riders,Gujarat Titans
1359514,1359514,2023,2023/04/29,"Arun Jaitley Stadium, Delhi",Delhi,Sunrisers Hyderabad,bat,Sunrisers Hyderabad,Sunrisers Hyderabad,Delhi Capitals
1359515,1359515,2023,2023/04/30,"MA Chidambaram Stadium, Chepauk, Chennai",Chennai,Chennai Super Kings,bat,Punjab Kings,Chennai Super Kings,Punjab Kings
1359516,1359516,2023,2023/04/30,"Wankhede Stadium, Mumbai",Mumbai,Rajasthan Royals,bat,Mumbai Indians,Rajasthan Royals,Mumbai Indians
1359517,1359517,2023,2023/05/01,"Bharat Ratna Shri Atal Bihari Vajpayee Ekana Cricket Stadium, Lucknow",Lucknow,Royal Challengers Bangalore,bat,Royal Challengers Bangalore,Royal Challengers Bangalore,Lucknow Super Giants
1359518,1359518,2023,2023/05/02,"Narendra Modi Stadium, Ahmedabad",Ahmedabad,Delhi Capitals,bat,Delhi Capitals,Delhi Capitals,Gujarat Titans
1359519,1359519,2023,2023/05/03,"Bharat Ratna Shri Atal Bihari Vajpayee Ekana Cricket Stadium, Lucknow",Lucknow,Chennai Super Kings,field,,Lucknow Super Giants,Chennai Super Kings
1359520,1359520,2023,2023/05/03,"Punjab Cricket Association IS Bindra Stadium, Mohali, Chandigarh",Chandigarh,Mumbai Indians,field,Mumbai Indians,Punjab Kings,Mumbai Indians
1359521,1359521,2023,2023/05/04,"Rajiv Gandhi International Stadium, Uppal, Hyderabad",Hyderabad,Kolkata Knight Riders,bat,Kolkata Knight Riders,Kolkata Knight Riders,Sunrisers Hyderabad
1359522,1359522,2023,2023/05/05,"Sawai Mansingh Stadium, Jaipur",Jaipur,Rajasthan Royals,bat,Gujarat Titans,Rajasthan Royals,Gujarat Titans
1359523,1359523,2023,2023/05/06,"MA Chidambaram Stadium, Chepauk, Chennai",Chennai,Chennai Super Kings,field,Chennai Super Kings,Mumbai Indians,Chennai Super Kings
1359524,1359524,2023,2023/05/06,"Arun Jaitley Stadium, Delhi",Delhi,Royal Challengers Bangalore,bat,Delhi Capitals,Royal Challengers Bangalore,Delhi Capitals
1359525,1359525,2023,2023/05/07,"Narendra Modi Stadium, Ahmedabad",Ahmedabad,Lucknow Super Giants,field,Gujarat Titans,Gujarat Titans,Lucknow Super Giants
1359526,1359526,2023,2023/05/07,"Sawai Mansingh Stadium, Jaipur",Jaipur,Rajasthan Royals,bat,Sunrisers Hyderabad,Rajasthan Royals,Sunrisers Hyderabad
1359527,1359527,2023,2023/05/08,"Eden Gardens, Kolkata",Kolkata,Punjab Kings,bat,Kolkata Knight Riders,Punjab Kings,Kolkata Knight Riders
1359528,1359528,2023,2023/05/09,"Wankhede Stadium, Mumbai",Mumbai,Mumbai Indians,field,Mumbai Indians,Royal Challengers Bangalore,Mumbai Indians
1359529,1359529,2023,2023/05/10,"MA Chidambaram Stadium, Chepauk, Chennai",Chennai,Chennai Super Kings,bat,Chennai Super Kings,Chennai Super Kings,Delhi Capitals
1359530,1359530,2023,2023/05/11,"Eden Gardens, Kolkata",Kolkata,Rajasthan Royals,field,Rajasthan Royals,Kolkata Knight Riders,Rajasthan Royals
1359531,1359531,2023,2023/05/12,"Wankhede Stadium, Mumbai",Mumbai,Gujarat Titans,field,Mumbai Indians,Mumbai Indians,Gujarat Titans
1359532,1359532,2023,2023/05/13,"Rajiv Gandhi International Stadium, Uppal, Hyderabad",Hyderabad,Sunrisers Hyderabad,bat,Lucknow Super Giants,Sunrisers Hyderabad,Lucknow Super Giants
1359533,1359533,2023,2023/05/13,"Arun Jaitley Stadium, Delhi",Delhi,Delhi Capitals,field,Punjab Kings,Punjab Kings,Delhi Capitals
1359534,1359534,2023,2023/05/14,"Sawai Mansingh Stadium, Jaipur",Jaipur,Royal Challengers Bangalore,bat,Royal Challengers Bangalore,Royal Challengers Bangalore,Rajasthan Royals
1359535,1359535,2023,2023/05/14,"MA Chidambaram Stadium, Chepauk, Chennai",Chennai,Chennai Super Kings,bat,Kolkata Knight Riders,Chennai Super Kings,Kolkata Knight Riders
1359536,1359536,2023,2023/05/15,"Narendra Modi Stadium, Ahmedabad",Ahmedabad,Sunrisers Hyderabad,field,Gujarat Titans,Gujarat Titans,Sunrisers Hyderabad
1359537,1359537,2023,2023/05/16,"Bharat Ratna Shri Atal Bihari Vajpayee Ekana Cricket Stadium, Lucknow",Lucknow,Mumbai Indians,field,Lucknow Super Giants,Lucknow Super Giants,Mumbai Indians
1359538,1359538,2023,2023/05/17,"Himachal Pradesh Cricket Association Stadium, Dharamsala",Dharamsala,Punjab Kings,field,Delhi Capitals,Delhi Capitals,Punjab Kings
1359539,1359539,2023,2023/05/18,"Rajiv Gandhi International Stadium, Uppal, Hyderabad",Hyderabad,Royal Challengers Bangalore,field,Royal Challengers Bangalore,Sunrisers Hyderabad,Royal Challengers Bangalore
1359540,1359540,2023,2023/05/19,"Himachal Pradesh Cricket Association Stadium, Dharamsala",Dharamsala,Rajasthan Royals,field,Rajasthan Royals,Punjab Kings,Rajasthan Royals
1359541,1359541,2023,2023/05/20,"Arun Jaitley Stadium, Delhi",Delhi,Chennai Super Kings,bat,Chennai Super Kings,Chennai Super Kings,Delhi Capitals
1359542,1359542,2023,2023/05/20,"Eden Gardens, Kolkata",Kolkata,Kolkata Knight Riders,field,Lucknow Super Giants,Lucknow Super Giants,Kolkata Knight Riders
1359543,1359543,2023,2023/05/21,"Wankhede Stadium, Mumbai",Mumbai,Mumbai Indians,field,Mumbai Indians,Sunrisers Hyderabad,Mumbai Indians
1359544,1359544,2023,2023/05/21,"M Chinnaswamy Stadium, Bengaluru",Bengaluru,Gujarat Titans,field,Gujarat Titans,Royal Challengers Bangalore,Gujarat Titans
1370350,1370350,2023,2023/05/23,"MA Chidambaram Stadium, Chepauk, Chennai",Chennai,Gujarat Titans,field,Chennai Super Kings,Chennai Super Kings,Gujarat Titans
1370351,1370351,2023,2023/05/24,"MA Chidambaram Stadium, Chepauk, Chennai",Chennai,Mumbai Indians,bat,Mumbai Indians,Mumbai Indians,Lucknow Super Giants
1370352,1370352,2023,2023/05/26,"Narendra Modi Stadium, Ahmedabad",Ahmedabad,Mumbai Indians,field,Gujarat Titans,Gujarat Titans,Mumbai Indians
1370353,1370353,2023,2023/05/29,"Narendra Modi Stadium, Ahmedabad",Ahmedabad,Chennai Super Kings,field,Chennai Super Kings,Gujarat Titans,Chennai Super Kings
1422119,1422119,2024,2024/03/22,"MA Chidambaram Stadium, Chepauk, Chennai",Chennai,Royal Challengers Bengaluru,bat,Chennai Super Kings,Royal Challengers Bengaluru,Chennai Super Kings
1422120,1422120,2024,2024/03/23,"Maharaja Yadavindra Singh International Cricket Stadium, Mullanpur",Mohali,Punjab Kings,field,Punjab Kings,Delhi Capitals,Punjab Kings
1422121,1422121,2024,2024/03/23,"Eden Gardens, Kolkata",Kolkata,Sunrisers Hyderabad,field,Kolkata Knight Riders,Kolkata Knight Riders,Sunrisers Hyderabad
1422122,1422122,2024,2024/03/24,"Sawai Mansingh Stadium, Jaipur",Jaipur,Rajasthan Royals,bat,Rajasthan Royals,Rajasthan Royals,Lucknow Super Giants
1422123,1422123,2024,2024/03/24,"Narendra Modi Stadium, Ahmedabad",Ahmedabad,Mumbai Indians,field,Gujarat Titans,Gujarat Titans,Mumbai Indians
1422124,1422124,2024,2024/03/25,"M Chinnaswamy Stadium, Bengaluru",Bengaluru,Royal Challengers Bengaluru,field,Royal Challengers Bengaluru,Punjab Kings,Royal Challengers Bengaluru
1422125,1422125,2024,2024/03/26,"MA Chidambaram Stadium, Chepauk, Chennai",Chennai,Gujarat Titans,field,Chennai Super Kings,Chennai Super Kings,Gujarat Titans
1422126,1422126,2024,2024/03/27,"Rajiv Gandhi International Stadium, Uppal, Hyderabad",Hyderabad,Mumbai Indians,field,Sunrisers Hyderabad,Sunrisers Hyderabad,Mumbai Indians
1422127,1422127,2024,2024/03/28,"Sawai Mansingh Stadium, Jaipur",Jaipur,Delhi Capitals,field,Rajasthan Royals,Rajasthan Royals,Delhi Capitals
1422128,1422128,2024,2024/03/29,"M Chinnaswamy Stadium, Bengaluru",Bengaluru,Kolkata Knight Riders,field,Kolkata Knight Riders,Royal Challengers Bengaluru,Kolkata Knight Riders
1422129,1422129,2024,2024/03/30,"Bharat Ratna Shri Atal Bihari Vajpayee Ekana Cricket Stadium, Lucknow",Lucknow,Lucknow Super Giants,bat,Lucknow Super Giants,Lucknow Super Giants,Punjab Kings
1422130,1422130,2024,2024/03/31,"Narendra Modi Stadium, Ahmedabad",Ahmedabad,Sunrisers Hyderabad,bat,Gujarat Titans,Sunrisers Hyderabad,Gujarat Titans
1422131,1422131,2024,2024/03/31,"Dr. Y.S. Rajasekhara Reddy ACA-VDCA Cricket Stadium, Visakhapatnam",Visakhapatnam,Delhi Capitals,bat,Delhi Capitals,Delhi Capitals,Chennai Super Kings
1422132,1422132,2024,2024/04/01,"Wankhede Stadium, Mumbai",Mumbai,Rajasthan Royals,field,Rajasthan Royals,Mumbai Indians,Rajasthan Royals
1422133,1422133,2024,2024/04/02,"M Chinnaswamy Stadium, Bengaluru",Bengaluru,Royal Challengers Bengaluru,field,Lucknow Super Giants,Lucknow Super Giants,Royal Challengers Bengaluru
1422134,1422134,2024,2024/04/03,"Dr. Y.S. Rajasekhara Reddy ACA-VDCA Cricket Stadium, Visakhapatnam",Visakhapatnam,Kolkata Knight Riders,bat,Kolkata Knight Riders,Kolkata Knight Riders,Delhi Capitals
1422135,1422135,2024,2024/04/04,"Narendra Modi Stadium, Ahmedabad",Ahmedabad,Punjab Kings,field,Punjab Kings,Gujarat Titans,Punjab Kings
1422136,1422136,2024,2024/04/05,"Rajiv Gandhi International Stadium, Uppal, Hyderabad",Hyderabad,Sunrisers Hyderabad,field,Sunrisers Hyderabad,Chennai Super Kings,Sunrisers Hyderabad
1422137,1422137,2024,2024/04/06,"Sawai Mansingh Stadium, Jaipur",Jaipur,Rajasthan Royals,field,Rajasthan Royals,Royal Challengers Bengaluru,Rajasthan Royals
1422138,1422138,2024,2024/04/07,"Wankhede Stadium, Mumbai",Mumbai,Delhi Capitals,field,Mumbai Indians,Mumbai Indians,Delhi Capitals
1422139,1422139,2024,2024/04/07,"Bharat Ratna Shri Atal Bihari Vajpayee Ekana Cricket Stadium, Lucknow",Lucknow,Lucknow Super Giants,bat,Lucknow Super Giants,Lucknow Super Giants,Gujarat Titans
1426260,1426260,2024,2024/04/08,"MA Chidambaram Stadium, Chepauk, Chennai",Chennai,Chennai Super Kings,field,Chennai Super Kings,Kolkata Knight Riders,Chennai Super Kings
1426261,1426261,2024,2024/04/09,"Maharaja Yadavindra Singh International Cricket Stadium, Mullanpur",Mohali,Punjab Kings,field,Sunrisers Hyderabad,Sunrisers Hyderabad,Punjab Kings
1426262,1426262,2024,2024/04/10,"Sawai Mansingh Stadium, Jaipur",Jaipur,Gujarat Titans,field,Gujarat Titans,Rajasthan Royals,Gujarat Titans
1426263,1426263,2024,2024/04/11,"Wankhede Stadium, Mumbai",Mumbai,Mumbai Indians,field,Mumbai Indians,Royal Challengers Bengaluru,Mumbai Indians
1426264,1426264,2024,2024/04/12,"Bharat Ratna Shri Atal Bihari Vajpayee Ekana Cricket Stadium, Lucknow",Lucknow,Lucknow Super Giants,bat,Delhi Capitals,Lucknow Super Giants,Delhi Capitals
1426265,1426265,2024,2024/04/13,"Maharaja Yadavindra Singh International Cricket Stadium, Mullanpur",Mohali,Rajasthan Royals,field,Rajasthan Royals,Punjab Kings,Rajasthan Royals
1426266,1426266,2024,2024/04/14,"Eden Gardens, Kolkata",Kolkata,Kolkata Knight Riders,field,Kolkata Knight Riders,Lucknow Super Giants,Kolkata Knight Riders
1426267,1426267,2024,2024/04/14,"Wankhede Stadium, Mumbai",Mumbai,Mumbai Indians,field,Chennai Super Kings,Chennai Super Kings,Mumbai Indians
1426268,1426268,2024,2024/04/15,"M Chinnaswamy Stadium, Bengaluru",Bengaluru,Royal Challengers Bengaluru,field,Sunrisers Hyderabad,Sunrisers Hyderabad,Royal Challengers Bengaluru
1426269,1426269,2024,2024/04/16,"Eden Gardens, Kolkata",Kolkata,Rajasthan Royals,field,Rajasthan Royals,Kolkata Knight Riders,Rajasthan Royals
1426270,1426270,2024,2024/04/17,"Narendra Modi Stadium, Ahmedabad",Ahmedabad,Delhi Capitals,field,Delhi Capitals,Gujarat Titans,Delhi Capitals
1426271,1426271,2024,2024/04/18,"Maharaja Yadavindra Singh International Cricket Stadium, Mullanpur",Mohali,Punjab Kings,field,Mumbai Indians,Mumbai Indians,Punjab Kings
1426272,1426272,2024,2024/04/19,"Bharat Ratna Shri Atal Bihari Vajpayee Ekana Cricket Stadium, Lucknow",Lucknow,Lucknow Super Giants,field,Lucknow Super Giants,Chennai Super Kings,Lucknow Super Giants
1426273,1426273,2024,2024/04/20,"Arun Jaitley Stadium, Delhi",Delhi,Delhi Capitals,field,Sunrisers Hyderabad,Sunrisers Hyderabad,Delhi Capitals
1426274,1426274,2024,2024/04/21,"Eden Gardens, Kolkata",Kolkata,Royal Challengers Bengaluru,field,Kolkata Knight Riders,Kolkata Knight Riders,Royal Challengers Bengaluru
1426275,1426275,2024,2024/04/21,"Maharaja Yadavindra Singh International Cricket Stadium, Mullanpur",Mohali,Punjab Kings,bat,Gujarat Titans,Punjab Kings,Gujarat Titans
1426276,1426276,2024,2024/04/22,"Sawai Mansingh Stadium, Jaipur",Jaipur,Mumbai Indians,bat,Rajasthan Royals,Mumbai Indians,Rajasthan Royals
1426277,1426277,2024,2024/04/23,"MA Chidambaram Stadium, Chepauk, Chennai",Chennai,Lucknow Super Giants,field,Lucknow Super Giants,Chennai Super Kings,Lucknow Super Giants
1426278,1426278,2024,2024/04/24,"Arun Jaitley Stadium, Delhi",Delhi,Gujarat Titans,field,Delhi Capitals,Delhi Capitals,Gujarat Titans
1426279,1426279,2024,2024/04/25,"Rajiv Gandhi International Stadium, Uppal, Hyderabad",Hyderabad,Royal Challengers Bengaluru,bat,Royal Challengers Bengaluru,Royal Challengers Bengaluru,Sunrisers Hyderabad
1426280,1426280,2024,2024/04/26,"Eden Gardens, Kolkata",Kolkata,Punjab Kings,field,Punjab Kings,Kolkata Knight Riders,Punjab Kings
1426281,1426281,2024,2024/04/27,"Arun Jaitley Stadium, Delhi",Delhi,Mumbai Indians,field,Delhi Capitals,Delhi Capitals,Mumbai Indians
1426282,1426282,2024,2024/04/27,"Bharat Ratna Shri Atal Bihari Vajpayee Ekana Cricket Stadium, Lucknow",Lucknow,Rajasthan Royals,field,Rajasthan Royals,Lucknow Super Giants,Rajasthan Royals
1426283,1426283,2024,2024/04/28,"Narendra Modi Stadium, Ahmedabad",Ahmedabad,Royal Challengers Bengaluru,field,Royal Challengers Bengaluru,Gujarat Titans,Royal Challengers Bengaluru
1426284,1426284,2024,2024/04/28,"MA Chidambaram Stadium, Chepauk, Chennai",Chennai,Sunrisers Hyderabad,field,Chennai Super Kings,Chennai Super Kings,Sunrisers Hyderabad
1426285,1426285,2024,2024/04/29,"Eden Gardens, Kolkata",Kolkata,Delhi Capitals,bat,Kolkata Knight Riders,Delhi Capitals,Kolkata Knight Riders
1426286,1426286,2024,2024/04/30,"Bharat Ratna Shri Atal Bihari Vajpayee Ekana Cricket Stadium, Lucknow",Lucknow,Lucknow Super Giants,field,Lucknow Super Giants,Mumbai Indians,Lucknow Super Giants
1426287,1426287,2024,2024/05/01,"MA Chidambaram Stadium, Chepauk, Chennai",Chennai,Punjab Kings,field,Punjab Kings,Chennai Super Kings,Punjab Kings
1426288,1426288,2024,2024/05/02,"Rajiv Gandhi International Stadium, Uppal, Hyderabad",Hyderabad,Sunrisers Hyderabad,bat,Sunrisers Hyderabad,Sunrisers Hyderabad,Rajasthan Royals
1426289,1426289,2024,2024/05/03,"Wankhede Stadium, Mumbai",Mumbai,Mumbai Indians,field,Kolkata Knight Riders,Kolkata Knight Riders,Mumbai Indians
1426290,1426290,2024,2024/05/04,"M Chinnaswamy Stadium, Bengaluru",Bengaluru,Royal Challengers Bengaluru,field,Royal Challengers Bengaluru,Gujarat Titans,Royal Challengers Bengaluru
1426291,1426291,2024,2024/05/05,"Himachal Pradesh Cricket Association Stadium, Dharamsala",Dharamsala,Punjab Kings,field,Chennai Super Kings,Chennai Super Kings,Punjab Kings
1426292,1426292,2024,2024/05/05,"Bharat Ratna Shri Atal Bihari Vajpayee Ekana Cricket Stadium, Lucknow",Lucknow,Lucknow Super Giants,field,Kolkata Knight Riders,Kolkata Knight Riders,Lucknow Super Giants
1426293,1426293,2024,2024/05/06,"Wankhede Stadium, Mumbai",Mumbai,Mumbai Indians,field,Mumbai Indians,Sunrisers Hyderabad,Mumbai Indians
1426294,1426294,2024,2024/05/07,"Arun Jaitley Stadium, Delhi",Delhi,Rajasthan Royals,field,Delhi Capitals,Delhi Capitals,Rajasthan Royals
1426295,1426295,2024,2024/05/08,"Rajiv Gandhi International Stadium, Uppal, Hyderabad",Hyderabad,Lucknow Super Giants,bat,Sunrisers Hyderabad,Lucknow Super Giants,Sunrisers Hyderabad
1426296,1426296,2024,2024/05/09,"Himachal Pradesh Cricket Association Stadium, Dharamsala",Dharamsala,Punjab Kings,field,Royal Challengers Bengaluru,Royal Challengers Bengaluru,Punjab Kings
1426297,1426297,2024,2024/05/10,"Narendra Modi Stadium, Ahmedabad",Ahmedabad,Chennai Super Kings,field,Gujarat Titans,Gujarat Titans,Chennai Super Kings
1426298,1426298,2024,2024/05/11,"Eden Gardens, Kolkata",Kolkata,Mumbai Indians,field,Kolkata Knight Riders,Kolkata Knight Riders,Mumbai Indians
1426299,1426299,2024,2024/05/12,"MA Chidambaram Stadium, Chepauk, Chennai",Chennai,Rajasthan Royals,bat,Chennai Super Kings,Rajasthan Royals,Chennai Super Kings
1426300,1426300,2024,2024/05/12,"M Chinnaswamy Stadium, Bengaluru",Bengaluru,Delhi Capitals,field,Royal Challengers Bengaluru,Royal Challengers Bengaluru,Delhi Capitals
1426302,1426302,2024,2024/05/14,"Arun Jaitley Stadium, Delhi",Delhi,Lucknow Super Giants,field,Delhi Capitals,Delhi Capitals,Lucknow Super Giants
1426303,1426303,2024,2024/05/15,"Barsapara Cricket Stadium, Guwahati",Guwahati,Rajasthan Royals,bat,Punjab Kings,Rajasthan Royals,Punjab Kings
1426305,1426305,2024,2024/05/17,"Wankhede Stadium, Mumbai",Mumbai,Mumbai Indians,field,Lucknow Super Giants,Lucknow Super Giants,Mumbai Indians
1426306,1426306,2024,2024/05/18,"M Chinnaswamy Stadium, Bengaluru",Bengaluru,Chennai Super Kings,field,Royal Challengers Bengaluru,Royal Challengers Bengaluru,Chennai Super Kings
1426307,1426307,2024,2024/05/19,"Rajiv Gandhi International Stadium, Uppal, Hyderabad",Hyderabad,Punjab Kings,bat,Sunrisers Hyderabad,Punjab Kings,Sunrisers Hyderabad
1426309,1426309,2024,2024/05/21,"Narendra Modi Stadium, Ahmedabad",Ahmedabad,Sunrisers Hyderabad,bat,Kolkata Knight Riders,Sunrisers Hyderabad,Kolkata Knight Riders
1426310,1426310,2024,2024/05/22,"Narendra Modi Stadium, Ahmedabad",Ahmedabad,Rajasthan Royals,field,Rajasthan Royals,Royal Challengers Bengaluru,Rajasthan Royals
1426311,1426311,2024,2024/05/24,"MA Chidambaram Stadium, Chepauk, Chennai",Chennai,Rajasthan Royals,field,Sunrisers Hyderabad,Sunrisers Hyderabad,Rajasthan Royals
1426312,1426312,2024,2024/05/26,"MA Chidambaram Stadium, Chepauk, Chennai",Chennai,Sunrisers Hyderabad,bat,Kolkata Knight Riders,Sunrisers Hyderabad,Kolkata Knight Riders
1473438,1473438,2025,2025/03/22,"Eden Gardens, Kolkata",Kolkata,Royal Challengers Bengaluru,field,Royal Challengers Bengaluru,Kolkata Knight Riders,Royal Challengers Bengaluru
1473439,1473439,2025,2025/03/23,"Rajiv Gandhi International Stadium, Uppal, Hyderabad",Hyderabad,Rajasthan Royals,field,Sunrisers Hyderabad,Sunrisers Hyderabad,Rajasthan Royals
1473440,1473440,2025,2025/03/23,"MA Chidambaram Stadium, Chepauk, Chennai",Chennai,Chennai Super Kings,field,Chennai Super Kings,Mumbai Indians,Chennai Super Kings
1473441,1473441,2025,2025/03/24,"Dr. Y.S. Rajasekhara Reddy ACA-VDCA Cricket Stadium, Visakhapatnam",Visakhapatnam,Delhi Capitals,field,Delhi Capitals,Lucknow Super Giants,Delhi Capitals
1473442,1473442,2025,2025/03/25,"Narendra Modi Stadium, Ahmedabad",Ahmedabad,Gujarat Titans,field,Punjab Kings,Punjab Kings,Gujarat Titans
1473443,1473443,2025,2025/03/26,"Barsapara Cricket Stadium, Guwahati",Guwahati,Kolkata Knight Riders,field,Kolkata Knight Riders,Rajasthan Royals,Kolkata Knight Riders
1473444,1473444,2025,2025/03/27,"Rajiv Gandhi International Stadium, Uppal, Hyderabad",Hyderabad,Lucknow Super Giants,field,Lucknow Super Giants,Sunrisers Hyderabad,Lucknow Super Giants
1473445,1473445,2025,2025/03/28,"MA Chidambaram Stadium, Chepauk, Chennai",Chennai,Chennai Super Kings,field,Royal Challengers Bengaluru,Royal Challengers Bengaluru,Chennai Super Kings
1473446,1473446,2025,2025/03/29,"Narendra Modi Stadium, Ahmedabad",Ahmedabad,Mumbai Indians,field,Gujarat Titans,Gujarat Titans,Mumbai Indians
1473447,1473447,2025,2025/03/30,"Dr. Y.S. Rajasekhara Reddy ACA-VDCA Cricket Stadium, Visakhapatnam",Visakhapatnam,Sunrisers Hyderabad,bat,Delhi Capitals,Sunrisers Hyderabad,Delhi Capitals
1473448,1473448,2025,2025/03/30,"Barsapara Cricket Stadium, Guwahati",Guwahati,Chennai Super Kings,field,Rajasthan Royals,Rajasthan Royals,Chennai Super Kings
1473449,1473449,2025,2025/03/31,"Wankhede Stadium, Mumbai",Mumbai,Mumbai Indians,field,Mumbai Indians,Kolkata Knight Riders,Mumbai Indians
1473450,1473450,2025,2025/04/01,"Bharat Ratna Shri Atal Bihari Vajpayee Ekana Cricket Stadium, Lucknow",Lucknow,Punjab Kings,field,Punjab Kings,Lucknow Super Giants,Punjab Kings
1473451,1473451,2025,2025/04/02,"M Chinnaswamy Stadium, Bengaluru",Bengaluru,Gujarat Titans,field,Gujarat Titans,Royal Challengers Bengaluru,Gujarat Titans
1473452,1473452,2025,2025/04/03,"Eden Gardens, Kolkata",Kolkata,Sunrisers Hyderabad,field,Kolkata Knight Riders,Kolkata Knight Riders,Sunrisers Hyderabad
1473453,1473453,2025,2025/04/04,"Bharat Ratna Shri Atal Bihari Vajpayee Ekana Cricket Stadium, Lucknow",Lucknow,Mumbai Indians,field,Lucknow Super Giants,Lucknow Super Giants,Mumbai Indians
1473454,1473454,2025,2025/04/05,"MA Chidambaram Stadium, Chepauk, Chennai",Chennai,Delhi Capitals,bat,Delhi Capitals,Delhi Capitals,Chennai Super Kings
1473455,1473455,2025,2025/04/05,"Maharaja Yadavindra Singh International Cricket Stadium, Mullanpur",Mohali,Punjab Kings,field,Rajasthan Royals,Rajasthan Royals,Punjab Kings
1473456,1473456,2025,2025/04/08,"Eden Gardens, Kolkata",Kolkata,Kolkata Knight Riders,field,Lucknow Super Giants,Lucknow Super Giants,Kolkata Knight Riders
1473457,1473457,2025,2025/04/06,"Rajiv Gandhi International Stadium, Uppal, Hyderabad",Hyderabad,Gujarat Titans,field,Gujarat Titans,Sunrisers Hyderabad,Gujarat Titans
1473458,1473458,2025,2025/04/07,"Wankhede Stadium, Mumbai",Mumbai,Mumbai Indians,field,Royal Challengers Bengaluru,Royal Challengers Bengaluru,Mumbai Indians
1473459,1473459,2025,2025/04/08,"Maharaja Yadavindra Singh International Cricket Stadium, Mullanpur",Mohali,Punjab Kings,bat,Punjab Kings,Punjab Kings,Chennai Super Kings
1473460,1473460,2025,2025/04/09,"Narendra Modi Stadium, Ahmedabad",Ahmedabad,Rajasthan Royals,field,Gujarat Titans,Gujarat Titans,Rajasthan Royals
1473461,1473461,2025,2025/04/10,"M Chinnaswamy Stadium, Bengaluru",Bengaluru,Delhi Capitals,field,Delhi Capitals,Royal Challengers Bengaluru,Delhi Capitals
1473462,1473462,2025,2025/04/11,"MA Chidambaram Stadium, Chepauk, Chennai",Chennai,Kolkata Knight Riders,field,Kolkata Knight Riders,Chennai Super Kings,Kolkata Knight Riders
1473463,1473463,2025,2025/04/12,"Bharat Ratna Shri Atal Bihari Vajpayee Ekana Cricket Stadium, Lucknow",Lucknow,Lucknow Super Giants,field,Lucknow Super Giants,Gujarat Titans,Lucknow Super Giants
1473464,1473464,2025,2025/04/12,"Rajiv Gandhi International Stadium, Uppal, Hyderabad",Hyderabad,Punjab Kings,bat,Sunrisers Hyderabad,Punjab Kings,Sunrisers Hyderabad
1473465,1473465,2025,2025/04/13,"Sawai Mansingh Stadium, Jaipur",Jaipur,Royal Challengers Bengaluru,field,Royal Challengers Bengaluru,Rajasthan Royals,Royal Challengers Bengaluru
1473466,1473466,2025,2025/04/13,"Arun Jaitley Stadium, Delhi",Delhi,Delhi Capitals,field,Mumbai Indians,Mumbai Indians,Delhi Capitals
1473467,1473467,2025,2025/04/14,"Bharat Ratna Shri Atal Bihari Vajpayee Ekana Cricket Stadium, Lucknow",Lucknow,Chennai Super Kings,field,Chennai Super Kings,Lucknow Super Giants,Chennai Super Kings
1473468,1473468,2025,2025/04/15,"Maharaja Yadavindra Singh International Cricket Stadium, Mullanpur",Mohali,Punjab Kings,bat,Punjab Kings,Punjab Kings,Kolkata Knight Riders
1473469,1473469,2025,2025/04/16,"Arun Jaitley Stadium, Delhi",Delhi,Rajasthan Royals,field,,Delhi Capitals,Rajasthan Royals
1473470,1473470,2025,2025/04/17,"Wankhede Stadium, Mumbai",Mumbai,Mumbai Indians,field,Mumbai Indians,Sunrisers Hyderabad,Mumbai Indians
1473471,1473471,2025,2025/04/18,"M Chinnaswamy Stadium, Bengaluru",Bengaluru,Punjab Kings,field,Punjab Kings,Royal Challengers Bengaluru,Punjab Kings
1473472,1473472,2025,2025/04/19,"Narendra Modi Stadium, Ahmedabad",Ahmedabad,Gujarat Titans,field,Gujarat Titans,Delhi Capitals,Gujarat Titans
1473473,1473473,2025,2025/04/19,"Sawai Mansingh Stadium, Jaipur",Jaipur,Lucknow Super Giants,bat,Lucknow Super Giants,Lucknow Super Giants,Rajasthan Royals
1473474,1473474,2025,2025/04/20,"Maharaja Yadavindra Singh International Cricket Stadium, Mullanpur",Mohali,Royal Challengers Bengaluru,field,Royal Challengers Bengaluru,Punjab Kings,Royal Challengers Bengaluru
1473475,1473475,2025,2025/04/20,"Wankhede Stadium, Mumbai",Mumbai,Mumbai Indians,field,Mumbai Indians,Chennai Super Kings,Mumbai Indians
1473476,1473476,2025,2025/04/21,"Eden Gardens, Kolkata",Kolkata,Kolkata Knight Riders,field,Gujarat Titans,Gujarat Titans,Kolkata Knight Riders
1473477,1473477,2025,2025/04/22,"Bharat Ratna Shri Atal Bihari Vajpayee Ekana Cricket Stadium, Lucknow",Lucknow,Delhi Capitals,field,Delhi Capitals,Lucknow Super Giants,Delhi Capitals
1473478,1473478,2025,2025/04/23,"Rajiv Gandhi International Stadium, Uppal, Hyderabad",Hyderabad,Mumbai Indians,field,Mumbai Indians,Sunrisers Hyderabad,Mumbai Indians
1473479,1473479,2025,2025/04/24,"M Chinnaswamy Stadium, Bengaluru",Bengaluru,Rajasthan Royals,field,Royal Challengers Bengaluru,Royal Challengers Bengaluru,Rajasthan Royals
1473480,1473480,2025,2025/04/25,"MA Chidambaram Stadium, Chepauk, Chennai",Chennai,Sunrisers Hyderabad,field,Sunrisers Hyderabad,Chennai Super Kings,Sunrisers Hyderabad
1473481,1473481,2025,2025/04/26,"Eden Gardens, Kolkata",Kolkata,Punjab Kings,bat,,Punjab Kings,Kolkata Knight Riders
1473482,1473482,2025,2025/04/27,"Wankhede Stadium, Mumbai",Mumbai,Lucknow Super Giants,field,Mumbai Indians,Mumbai Indians,Lucknow Super Giants
1473483,1473483,2025,2025/04/27,"Arun Jaitley Stadium, Delhi",Delhi,Royal Challengers Bengaluru,field,Royal Challengers Bengaluru,Delhi Capitals,Royal Challengers Bengaluru
1473484,1473484,2025,2025/04/28,"Sawai Mansingh Stadium, Jaipur",Jaipur,Rajasthan Royals,field,Rajasthan Royals,Gujarat Titans,Rajasthan Royals
1473485,1473485,2025,2025/04/29,"Arun Jaitley Stadium, Delhi",Delhi,Delhi Capitals,field,Kolkata Knight Riders,Kolkata Knight Riders,Delhi Capitals
1473486,1473486,2025,2025/04/30,"MA Chidambaram Stadium, Chepauk, Chennai",Chennai,Punjab Kings,field,Punjab Kings,Chennai Super Kings,Punjab Kings
1473487,1473487,2025,2025/05/01,"Sawai Mansingh Stadium, Jaipur",Jaipur,Rajasthan Royals,field,Mumbai Indians,Mumbai Indians,Rajasthan Royals
1473488,1473488,2025,2025/05/02,"Narendra Modi Stadium, Ahmedabad",Ahmedabad,Sunrisers Hyderabad,field,Gujarat Titans,Gujarat Titans,Sunrisers Hyderabad
1473489,1473489,2025,2025/05/03,"M Chinnaswamy Stadium, Bengaluru",Bengaluru,Chennai Super Kings,field,Royal Challengers Bengaluru,Royal Challengers Bengaluru,Chennai Super Kings
1473490,1473490,2025,2025/05/04,"Eden Gardens, Kolkata",Kolkata,Kolkata Knight Riders,bat,Kolkata Knight Riders,Kolkata Knight Riders,Rajasthan Royals
1473491,1473491,2025,2025/05/04,"Himachal Pradesh Cricket Association Stadium, Dharamsala",Dharamsala,Lucknow Super Giants,field,Punjab Kings,Punjab Kings,Lucknow Super Giants
1473492,1473492,2025,2025/05/05,"Rajiv Gandhi International Stadium, Uppal, Hyderabad",Hyderabad,Sunrisers Hyderabad,field,,Delhi Capitals,Sunrisers Hyderabad
1473493,1473493,2025,2025/05/06,"Wankhede Stadium, Mumbai",Mumbai,Gujarat Titans,field,Gujarat Titans,Mumbai Indians,Gujarat Titans
1473494,1473494,2025,2025/05/07,"Eden Gardens, Kolkata",Kolkata,Kolkata Knight Riders,bat,Chennai Super Kings,Kolkata Knight Riders,Chennai Super Kings
1473495,1473495,2025,2025/05/08,"Himachal Pradesh Cricket Association Stadium, Dharamsala",Dharamsala,Punjab Kings,bat,,Punjab Kings,Delhi Capitals
1473497,1473497,2025,2025/05/18,"Sawai Mansingh Stadium, Jaipur",Jaipur,Punjab Kings,bat,Punjab Kings,Punjab Kings,Rajasthan Royals
1473498,1473498,2025,2025/05/18,"Arun Jaitley Stadium, Delhi",Delhi,Gujarat Titans,field,Gujarat Titans,Delhi Capitals,Gujarat Titans
1473499,1473499,2025,2025/05/19,"Bharat Ratna Shri Atal Bihari Vajpayee Ekana Cricket Stadium, Lucknow",Lucknow,Sunrisers Hyderabad,field,Sunrisers Hyderabad,Lucknow Super Giants,Sunrisers Hyderabad
1473500,1473500,2025,2025/05/20,"Arun Jaitley Stadium, Delhi",Delhi,Rajasthan Royals,field,Rajasthan Royals,Chennai Super Kings,Rajasthan Royals
1473501,1473501,2025,2025/05/21,"Wankhede Stadium, Mumbai",Mumbai,Delhi Capitals,field,Mumbai Indians,Mumbai Indians,Delhi Capitals
1473502,1473502,2025,2025/05/22,"Narendra Modi Stadium, Ahmedabad",Ahmedabad,Gujarat Titans,field,Lucknow Super Giants,Lucknow Super Giants,Gujarat Titans
1473503,1473503,2025,2025/05/23,"Bharat Ratna Shri Atal Bihari Vajpayee Ekana Cricket Stadium, Lucknow",Lucknow,Royal Challengers Bengaluru,field,Sunrisers Hyderabad,Sunrisers Hyderabad,Royal Challengers Bengaluru
1473504,1473504,2025,2025/05/25,"Narendra Modi Stadium, Ahmedabad",Ahmedabad,Chennai Super Kings,bat,Chennai Super Kings,Chennai Super Kings,Gujarat Titans
1473505,1473505,2025,2025/05/25,"Arun Jaitley Stadium, Delhi",Delhi,Sunrisers Hyderabad,bat,Sunrisers Hyderabad,Sunrisers Hyderabad,Kolkata Knight Riders
1473506,1473506,2025,2025/05/26,"Sawai Mansingh Stadium, Jaipur",Jaipur,Punjab Kings,field,Punjab Kings,Mumbai Indians,Punjab Kings
1473507,1473507,2025,2025/05/27,"Bharat Ratna Shri Atal Bihari Vajpayee Ekana Cricket Stadium, Lucknow",Lucknow,Royal Challengers Bengaluru,field,Royal Challengers Bengaluru,Lucknow Super Giants,Royal Challengers Bengaluru
1473508,1473508,2025,2025/05/29,"Maharaja Yadavindra Singh International Cricket Stadium, Mullanpur",New Chandigarh,Royal Challengers Bengaluru,field,Royal Challengers Bengaluru,Punjab Kings,Royal Challengers Bengaluru
1473509,1473509,2025,2025/05/30,"Maharaja Yadavindra Singh International Cricket Stadium, New Chandigarh",New Chandigarh,Mumbai Indians,bat,Mumbai Indians,Mumbai Indians,Gujarat Titans
1473510,1473510,2025,2025/06/01,"Narendra Modi Stadium, Ahmedabad",Ahmedabad,Punjab Kings,field,Punjab Kings,Mumbai Indians,Punjab Kings
1473511,1473511,2025,2025/06/03,"Narendra Modi Stadium, Ahmedabad",Ahmedabad,Punjab Kings,field,Royal Challengers Bengaluru,Royal Challengers Bengaluru,Punjab Kings
1485779,1485779,2025,2025/05/24,"Sawai Mansingh Stadium, Jaipur",Jaipur,Delhi Capitals,field,Delhi Capitals,Punjab Kings,Delhi Capitals
1527674,1527674,2026,2026/03/28,"M Chinnaswamy Stadium, Bengaluru",Bengaluru,Royal Challengers Bengaluru,field,Royal Challengers Bengaluru,Sunrisers Hyderabad,Royal Challengers Bengaluru
1527675,1527675,2026,2026/03/29,"Wankhede Stadium, Mumbai",Mumbai,Mumbai Indians,field,Mumbai Indians,Kolkata Knight Riders,Mumbai Indians
1527676,1527676,2026,2026/03/30,"Barsapara Cricket Stadium, Guwahati",Guwahati,Rajasthan Royals,field,Rajasthan Royals,Chennai Super Kings,Rajasthan Royals
1527677,1527677,2026,2026/03/31,"Maharaja Yadavindra Singh International Cricket Stadium, New Chandigarh",New Chandigarh,Punjab Kings,field,Punjab Kings,Gujarat Titans,Punjab Kings
1527678,1527678,2026,2026/04/01,"Bharat Ratna Shri Atal Bihari Vajpayee Ekana Cricket Stadium, Lucknow",Lucknow,Delhi Capitals,field,Delhi Capitals,Lucknow Super Giants,Delhi Capitals
1527679,1527679,2026,2026/04/02,"Eden Gardens, Kolkata",Kolkata,Kolkata Knight Riders,field,Sunrisers Hyderabad,Sunrisers Hyderabad,Kolkata Knight Riders
1527680,1527680,2026,2026/04/03,"MA Chidambaram Stadium, Chepauk, Chennai",Chennai,Punjab Kings,field,Punjab Kings,Chennai Super Kings,Punjab Kings
1527681,1527681,2026,2026/04/04,"Arun Jaitley Stadium, Delhi",Delhi,Delhi Capitals,field,Delhi Capitals,Mumbai Indians,Delhi Capitals
1527682,1527682,2026,2026/04/04,"Narendra Modi Stadium, Ahmedabad",Ahmedabad,Rajasthan Royals,bat,Rajasthan Royals,Rajasthan Royals,Gujarat Titans
1527683,1527683,2026,2026/04/05,"Rajiv Gandhi International Stadium, Uppal, Hyderabad",Hyderabad,Lucknow Super Giants,field,Lucknow Super Giants,Sunrisers Hyderabad,Lucknow Super Giants
1527684,1527684,2026,2026/04/05,"M Chinnaswamy Stadium, Bengaluru",Bengaluru,Chennai Super Kings,field,Royal Challengers Bengaluru,Royal Challengers Bengaluru,Chennai Super Kings
1527685,1527685,2026,2026/04/06,"Eden Gardens, Kolkata",Kolkata,Kolkata Knight Riders,bat,,Kolkata Knight Riders,Punjab Kings
1527686,1527686,2026,2026/04/07,"Barsapara Cricket Stadium, Guwahati",Guwahati,Mumbai Indians,field,Rajasthan Royals,Rajasthan Royals,Mumbai Indians
1527687,1527687,2026,2026/04/08,"Arun Jaitley Stadium, Delhi",Delhi,Delhi Capitals,field,Gujarat Titans,Gujarat Titans,Delhi Capitals
1527688,1527688,2026,2026/04/09,"Eden Gardens, Kolkata",Kolkata,Lucknow Super Giants,field,Lucknow Super Giants,Kolkata Knight Riders,Lucknow Super Giants
1527689,1527689,2026,2026/04/10,"Barsapara Cricket Stadium, Guwahati",Guwahati,Rajasthan Royals,field,Rajasthan Royals,Royal Challengers Bengaluru,Rajasthan Royals
1527690,1527690,2026,2026/04/11,"Maharaja Yadavindra Singh International Cricket Stadium, New Chandigarh",New Chandigarh,Punjab Kings,field,Punjab Kings,Sunrisers Hyderabad,Punjab Kings
1527691,1527691,2026,2026/04/11,"MA Chidambaram Stadium, Chepauk, Chennai",Chennai,Delhi Capitals,field,Chennai Super Kings,Chennai Super Kings,Delhi Capitals
1527692,1527692,2026,2026/04/12,"Bharat Ratna Shri Atal Bihari Vajpayee Ekana Cricket Stadium, Lucknow",Lucknow,Gujarat Titans,field,Gujarat Titans,Lucknow Super Giants,Gujarat Titans
1527693,1527693,2026,2026/04/12,"Wankhede Stadium, Mumbai",Mumbai,Mumbai Indians,field,Royal Challengers Bengaluru,Royal Challengers Bengaluru,Mumbai Indians
1529264,1529264,2026,2026/04/13,"Rajiv Gandhi International Stadium, Uppal, Hyderabad",Hyderabad,Rajasthan Royals,field,Sunrisers Hyderabad,Sunrisers Hyderabad,Rajasthan Royals
1529265,1529265,2026,2026/04/14,"MA Chidambaram Stadium, Chepauk, Chennai",Chennai,Kolkata Knight Riders,field,Chennai Super Kings,Chennai Super Kings,Kolkata Knight Riders
1529266,1529266,2026,2026/04/15,"M Chinnaswamy Stadium, Bengaluru",Bengaluru,Royal Challengers Bengaluru,field,Royal Challengers Bengaluru,Lucknow Super Giants,Royal Challengers Bengaluru
1529267,1529267,2026,2026/04/16,"Wankhede Stadium, Mumbai",Mumbai,Punjab Kings,field,Punjab Kings,Mumbai Indians,Punjab Kings
1529268,1529268,2026,2026/04/17,"Narendra Modi Stadium, Ahmedabad",Ahmedabad,Kolkata Knight Riders,bat,Gujarat Titans,Kolkata Knight Riders,Gujarat Titans
1529269,1529269,2026,2026/04/18,"M Chinnaswamy Stadium, Bengaluru",Bengaluru,Delhi Capitals,field,Delhi Capitals,Royal Challengers Bengaluru,Delhi Capitals
1529270,1529270,2026,2026/04/18,"Rajiv Gandhi International Stadium, Uppal, Hyderabad",Hyderabad,Chennai Super Kings,field,Sunrisers Hyderabad,Sunrisers Hyderabad,Chennai Super Kings
1529271,1529271,2026,2026/04/19,"Eden Gardens, Kolkata",Kolkata,Rajasthan Royals,bat,Kolkata Knight Riders,Rajasthan Royals,Kolkata Knight Riders
1529272,1529272,2026,2026/04/19,"Maharaja Yadavindra Singh International Cricket Stadium, New Chandigarh",New Chandigarh,Lucknow Super Giants,field,Punjab Kings,Punjab Kings,Lucknow Super Giants
1529273,1529273,2026,2026/04/20,"Narendra Modi Stadium, Ahmedabad",Ahmedabad,Gujarat Titans,field,Mumbai Indians,Mumbai Indians,Gujarat Titans
1529274,1529274,2026,2026/04/21,"Rajiv Gandhi International Stadium, Uppal, Hyderabad",Hyderabad,Delhi Capitals,field,Sunrisers Hyderabad,Sunrisers Hyderabad,Delhi Capitals
1529275,1529275,2026,2026/04/22,"Bharat Ratna Shri Atal Bihari Vajpayee Ekana Cricket Stadium, Lucknow",Lucknow,Lucknow Super Giants,field,Rajasthan Royals,Rajasthan Royals,Lucknow Super Giants
1529276,1529276,2026,2026/04/23,"Wankhede Stadium, Mumbai",Mumbai,Mumbai Indians,field,Chennai Super Kings,Chennai Super Kings,Mumbai Indians
1529277,1529277,2026,2026/04/24,"M Chinnaswamy Stadium, Bengaluru",Bengaluru,Royal Challengers Bengaluru,field,Royal Challengers Bengaluru,Gujarat Titans,Royal Challengers Bengaluru
1529278,1529278,2026,2026/04/25,"Arun Jaitley Stadium, Delhi",Delhi,Delhi Capitals,bat,Punjab Kings,Delhi Capitals,Punjab Kings
1529279,1529279,2026,2026/04/25,"Sawai Mansingh Stadium, Jaipur",Jaipur,Sunrisers Hyderabad,field,Sunrisers Hyderabad,Rajasthan Royals,Sunrisers Hyderabad
1529280,1529280,2026,2026/04/26,"MA Chidambaram Stadium, Chepauk, Chennai",Chennai,Gujarat Titans,field,Gujarat Titans,Chennai Super Kings,Gujarat Titans
1529281,1529281,2026,2026/04/26,"Bharat Ratna Shri Atal Bihari Vajpayee Ekana Cricket Stadium, Lucknow",Lucknow,Lucknow Super Giants,field,,Kolkata Knight Riders,Lucknow Super Giants
1529282,1529282,2026,2026/04/27,"Arun Jaitley Stadium, Delhi",Delhi,Royal Challengers Bengaluru,field,Royal Challengers Bengaluru,Delhi Capitals,Royal Challengers Bengaluru
1529283,1529283,2026,2026/04/28,"Maharaja Yadavindra Singh International Cricket Stadium, New Chandigarh",New Chandigarh,Rajasthan Royals,field,Rajasthan Royals,Punjab Kings,Rajasthan Royals
1529284,1529284,2026,2026/04/29,"Wankhede Stadium, Mumbai",Mumbai,Mumbai Indians,bat,Sunrisers Hyderabad,Mumbai Indians,Sunrisers Hyderabad
1529285,1529285,2026,2026/04/30,"Narendra Modi Stadium, Ahmedabad",Ahmedabad,Gujarat Titans,field,Gujarat Titans,Royal Challengers Bengaluru,Gujarat Titans
1529286,1529286,2026,2026/05/01,"Sawai Mansingh Stadium, Jaipur",Jaipur,Rajasthan Royals,bat,Delhi Capitals,Rajasthan Royals,Delhi Capitals
1529287,1529287,2026,2026/05/02,"MA Chidambaram Stadium, Chepauk, Chennai",Chennai,Mumbai Indians,bat,Chennai Super Kings,Mumbai Indians,Chennai Super Kings
1529288,1529288,2026,2026/05/03,"Rajiv Gandhi International Stadium, Uppal, Hyderabad",Hyderabad,Sunrisers Hyderabad,bat,Kolkata Knight Riders,Sunrisers Hyderabad,Kolkata Knight Riders
1529289,1529289,2026,2026/05/03,"Narendra Modi Stadium, Ahmedabad",Ahmedabad,Gujarat Titans,field,Gujarat Titans,Punjab Kings,Gujarat Titans
1529290,1529290,2026,2026/05/04,"Wankhede Stadium, Mumbai",Mumbai,Mumbai Indians,field,Mumbai Indians,Lucknow Super Giants,Mumbai Indians
1529291,1529291,2026,2026/05/05,"Arun Jaitley Stadium, Delhi",Delhi,Delhi Capitals,bat,Chennai Super Kings,Delhi Capitals,Chennai Super Kings
1529292,1529292,2026,2026/05/06,"Rajiv Gandhi International Stadium, Uppal, Hyderabad",Hyderabad,Punjab Kings,field,Sunrisers Hyderabad,Sunrisers Hyderabad,Punjab Kings
1529293,1529293,2026,2026/05/07,"Bharat Ratna Shri Atal Bihari Vajpayee Ekana Cricket Stadium, Lucknow",Lucknow,Royal Challengers Bengaluru,field,Lucknow Super Giants,Lucknow Super Giants,Royal Challengers Bengaluru
1529294,1529294,2026,2026/05/08,"Arun Jaitley Stadium, Delhi",Delhi,Kolkata Knight Riders,field,Kolkata Knight Riders,Delhi Capitals,Kolkata Knight Riders
1529295,1529295,2026,2026/05/09,"Sawai Mansingh Stadium, Jaipur",Jaipur,Rajasthan Royals,field,Gujarat Titans,Gujarat Titans,Rajasthan Royals
1529296,1529296,2026,2026/05/10,"MA Chidambaram Stadium, Chepauk, Chennai",Chennai,Chennai Super Kings,field,Chennai Super Kings,Lucknow Super Giants,Chennai Super Kings
1529297,1529297,2026,2026/05/10,"Shaheed Veer Narayan Singh International Stadium, Raipur",Raipur,Royal Challengers Bengaluru,field,Royal Challengers Bengaluru,Mumbai Indians,Royal Challengers Bengaluru
1529298,1529298,2026,2026/05/11,"Himachal Pradesh Cricket Association Stadium, Dharamsala",Dharamsala,Delhi Capitals,field,Delhi Capitals,Punjab Kings,Delhi Capitals
1529299,1529299,2026,2026/05/12,"Narendra Modi Stadium, Ahmedabad",Ahmedabad,Sunrisers Hyderabad,field,Gujarat Titans,Gujarat Titans,Sunrisers Hyderabad
1529300,1529300,2026,2026/05/13,"Shaheed Veer Narayan Singh International Stadium, Raipur",Raipur,Royal Challengers Bengaluru,field,Royal Challengers Bengaluru,Kolkata Knight Riders,Royal Challengers Bengaluru
1529301,1529301,2026,2026/05/14,"Himachal Pradesh Cricket Association Stadium, Dharamsala",Dharamsala,Mumbai Indians,field,Mumbai Indians,Punjab Kings,Mumbai Indians
1529302,1529302,2026,2026/05/15,"Bharat Ratna Shri Atal Bihari Vajpayee Ekana Cricket Stadium, Lucknow",Lucknow,Lucknow Super Giants,field,Lucknow Super Giants,Chennai Super Kings,Lucknow Super Giants
1529303,1529303,2026,2026/05/16,"Eden Gardens, Kolkata",Kolkata,Gujarat Titans,field,Kolkata Knight Riders,Kolkata Knight Riders,Gujarat Titans
1529304,1529304,2026,2026/05/17,"Himachal Pradesh Cricket Association Stadium, Dharamsala",Dharamsala,Punjab Kings,field,Royal Challengers Bengaluru,Royal Challengers Bengaluru,Punjab Kings
1529305,1529305,2026,2026/05/17,"Arun Jaitley Stadium, Delhi",Delhi,Delhi Capitals,field,Delhi Capitals,Rajasthan Royals,Delhi Capitals
1529306,1529306,2026,2026/05/18,"MA Chidambaram Stadium, Chepauk, Chennai",Chennai,Chennai Super Kings,bat,Sunrisers Hyderabad,Chennai Super Kings,Sunrisers Hyderabad
1529307,1529307,2026,2026/05/19,"Sawai Mansingh Stadium, Jaipur",Jaipur,Rajasthan Royals,field,Rajasthan Royals,Lucknow Super Giants,Rajasthan Royals
1529308,1529308,2026,2026/05/20,"Eden Gardens, Kolkata",Kolkata,Kolkata Knight Riders,field,Kolkata Knight Riders,Mumbai Indians,Kolkata Knight Riders
1529309,1529309,2026,2026/05/21,"Narendra Modi Stadium, Ahmedabad",Ahmedabad,Chennai Super Kings,field,Gujarat Titans,Gujarat Titans,Chennai Super Kings
1529310,1529310,2026,2026/05/22,"Rajiv Gandhi International Stadium, Uppal, Hyderabad",Hyderabad,Sunrisers Hyderabad,bat,Sunrisers Hyderabad,Sunrisers Hyderabad,Royal Challengers Bengaluru
1529311,1529311,2026,2026/05/23,"Bharat Ratna Shri Atal Bihari Vajpayee Ekana Cricket Stadium, Lucknow",Lucknow,Punjab Kings,field,Punjab Kings,Lucknow Super Giants,Punjab Kings
1529312,1529312,2026,2026/05/24,"Wankhede Stadium, Mumbai",Mumbai,Mumbai Indians,field,Rajasthan Royals,Rajasthan Royals,Mumbai Indians
1529313,1529313,2026,2026/05/24,"Eden Gardens, Kolkata",Kolkata,Kolkata Knight Riders,field,Delhi Capitals,Delhi Capitals,Kolkata Knight Riders
1535462,1535462,2026,2026/05/26,"Himachal Pradesh Cricket Association Stadium, Dharamsala",Dharamsala,Gujarat Titans,field,Royal Challengers Bengaluru,Royal Challengers Bengaluru,Gujarat Titans
1535463,1535463,2026,2026/05/27,"Maharaja Yadavindra Singh International Cricket Stadium, New Chandigarh",New Chandigarh,Sunrisers Hyderabad,field,Rajasthan Royals,Rajasthan Royals,Sunrisers Hyderabad
1535464,1535464,2026,2026/05/29,"Maharaja Yadavindra Singh International Cricket Stadium, New Chandigarh",New Chandigarh,Rajasthan Royals,bat,Gujarat Titans,Rajasthan Royals,Gujarat Titans
1535465,1535465,2026,2026/05/31,"Narendra Modi Stadium, Ahmedabad",Ahmedabad,Royal Challengers Bengaluru,field,Royal Challengers Bengaluru,Gujarat Titans,Royal Challengers Bengaluru
335982,335982,2007/08,2008/04/18,M Chinnaswamy Stadium,Bangalore,Royal Challengers Bangalore,field,Kolkata Knight Riders,Royal Challengers Bangalore,Kolkata Knight Riders
335983,335983,2007/08,2008/04/19,"Punjab Cricket Association Stadium, Mohali",Chandigarh,Chennai Super Kings,bat,Chennai Super Kings,Kings XI Punjab,Chennai Super Kings
335984,335984,2007/08,2008/04/19,Feroz Shah Kotla,Delhi,Rajasthan Royals,bat,Delhi Daredevils,Delhi Daredevils,Rajasthan Royals
335985,335985,2007/08,2008/04/20,Wankhede Stadium,Mumbai,Mumbai Indians,bat,Royal Challengers Bangalore,Mumbai Indians,Royal Challengers Bangalore
335986,335986,2007/08,2008/04/20,Eden Gardens,Kolkata,Deccan Chargers,bat,Kolkata Knight Riders,Kolkata Knight Riders,Deccan Chargers
335987,335987,2007/08,2008/04/21,Sawai Mansingh Stadium,Jaipur,Kings XI Punjab,bat,Rajasthan Royals,Rajasthan Royals,Kings XI Punjab
335988,335988,2007/08,2008/04/22,"Rajiv Gandhi International Stadium, Uppal",Hyderabad,Deccan Chargers,bat,Delhi Daredevils,Deccan Chargers,Delhi Daredevils
335989,335989,2007/08,2008/04/23,"MA Chidambaram Stadium, Chepauk",Chennai,Mumbai Indians,field,Chennai Super Kings,Chennai Super Kings,Mumbai Indians
335990,335990,2007/08,2008/04/24,"Rajiv Gandhi International Stadium, Uppal",Hyderabad,Rajasthan Royals,field,Rajasthan Royals,Deccan Chargers,Rajasthan Royals
335991,335991,2007/08,2008/04/25,"Punjab Cricket Association Stadium, Mohali",Chandigarh,Mumbai Indians,field,Kings XI Punjab,Kings XI Punjab,Mumbai Indians
335992,335992,2007/08,2008/04/26,M Chinnaswamy Stadium,Bangalore,Rajasthan Royals,field,Rajasthan Royals,Royal Challengers Bangalore,Rajasthan Royals
335993,335993,2007/08,2008/04/26,"MA Chidambaram Stadium, Chepauk",Chennai,Kolkata Knight Riders,bat,Chennai Super Kings,Chennai Super Kings,Kolkata Knight Riders
335994,335994,2007/08,2008/04/27,Dr DY Patil Sports Academy,Mumbai,Deccan Chargers,field,Deccan Chargers,Mumbai Indians,Deccan Chargers
335995,335995,2007/08,2008/04/27,"Punjab Cricket Association Stadium, Mohali",Chandigarh,Delhi Daredevils,bat,Kings XI Punjab,Kings XI Punjab,Delhi Daredevils
335996,335996,2007/08,2008/04/28,M Chinnaswamy Stadium,Bangalore,Chennai Super Kings,bat,Chennai Super Kings,Royal Challengers Bangalore,Chennai Super Kings
335997,335997,2007/08,2008/04/29,Eden Gardens,Kolkata,Kolkata Knight Riders,bat,Mumbai Indians,Kolkata Knight Riders,Mumbai Indians
335998,335998,2007/08,2008/04/30,Feroz Shah Kotla,Delhi,Royal Challengers Bangalore,field,Delhi Daredevils,Delhi Daredevils,Royal Challengers Bangalore
335999,335999,2007/08,2008/05/01,"Rajiv Gandhi International Stadium, Uppal",Hyderabad,Kings XI Punjab,field,Kings XI Punjab,Deccan Chargers,Kings XI Punjab
336000,336000,2007/08,2008/05/01,Sawai Mansingh Stadium,Jaipur,Rajasthan Royals,bat,Rajasthan Royals,Rajasthan Royals,Kolkata Knight Riders
336001,336001,2007/08,2008/05/02,"MA Chidambaram Stadium, Chepauk",Chennai,Chennai Super Kings,bat,Delhi Daredevils,Chennai Super Kings,Delhi Daredevils
336002,336002,2007/08,2008/05/25,"Rajiv Gandhi International Stadium, Uppal",Hyderabad,Deccan Chargers,bat,Royal Challengers Bangalore,Deccan Chargers,Royal Challengers Bangalore
336003,336003,2007/08,2008/05/03,"Punjab Cricket Association Stadium, Mohali",Chandigarh,Kings XI Punjab,bat,Kings XI Punjab,Kings XI Punjab,Kolkata Knight Riders
336004,336004,2007/08,2008/05/04,Dr DY Patil Sports Academy,Mumbai,Delhi Daredevils,field,Mumbai Indians,Mumbai Indians,Delhi Daredevils
336005,336005,2007/08,2008/05/04,Sawai Mansingh Stadium,Jaipur,Chennai Super Kings,bat,Rajasthan Royals,Rajasthan Royals,Chennai Super Kings
336006,336006,2007/08,2008/05/05,M Chinnaswamy Stadium,Bangalore,Kings XI Punjab,field,Kings XI Punjab,Royal Challengers Bangalore,Kings XI Punjab
336007,336007,2007/08,2008/05/06,"MA Chidambaram Stadium, Chepauk",Chennai,Deccan Chargers,field,Deccan Chargers,Chennai Super Kings,Deccan Chargers
336008,336008,2007/08,2008/05/07,Dr DY Patil Sports Academy,Mumbai,Mumbai Indians,field,Mumbai Indians,Mumbai Indians,Rajasthan Royals
336009,336009,2007/08,2008/05/08,Feroz Shah Kotla,Delhi,Chennai Super Kings,field,Chennai Super Kings,Delhi Daredevils,Chennai Super Kings
336010,336010,2007/08,2008/05/08,Eden Gardens,Kolkata,Kolkata Knight Riders,bat,Kolkata Knight Riders,Kolkata Knight Riders,Royal Challengers Bangalore
336011,336011,2007/08,2008/05/09,Sawai Mansingh Stadium,Jaipur,Rajasthan Royals,field,Rajasthan Royals,Rajasthan Royals,Deccan Chargers
336012,336012,2007/08,2008/05/28,M Chinnaswamy Stadium,Bangalore,Mumbai Indians,field,Mumbai Indians,Royal Challengers Bangalore,Mumbai Indians
336013,336013,2007/08,2008/05/10,"MA Chidambaram Stadium, Chepauk",Chennai,Kings XI Punjab,field,Chennai Super Kings,Chennai Super Kings,Kings XI Punjab
336014,336014,2007/08,2008/05/11,"Rajiv Gandhi International Stadium, Uppal",Hyderabad,Kolkata Knight Riders,bat,Kolkata Knight Riders,Deccan Chargers,Kolkata Knight Riders
336015,336015,2007/08,2008/05/11,Sawai Mansingh Stadium,Jaipur,Rajasthan Royals,field,Rajasthan Royals,Rajasthan Royals,Delhi Daredevils
336016,336016,2007/08,2008/05/12,"Punjab Cricket Association Stadium, Mohali",Chandigarh,Royal Challengers Bangalore,bat,Kings XI Punjab,Kings XI Punjab,Royal Challengers Bangalore
336017,336017,2007/08,2008/05/13,Eden Gardens,Kolkata,Kolkata Knight Riders,bat,Kolkata Knight Riders,Kolkata Knight Riders,Delhi Daredevils
336018,336018,2007/08,2008/05/14,Wankhede Stadium,Mumbai,Mumbai Indians,field,Mumbai Indians,Mumbai Indians,Chennai Super Kings
336019,336019,2007/08,2008/05/28,"Punjab Cricket Association Stadium, Mohali",Chandigarh,Rajasthan Royals,field,Kings XI Punjab,Kings XI Punjab,Rajasthan Royals
336020,336020,2007/08,2008/05/15,Feroz Shah Kotla,Delhi,Deccan Chargers,field,Delhi Daredevils,Delhi Daredevils,Deccan Chargers
336021,336021,2007/08,2008/05/16,Wankhede Stadium,Mumbai,Mumbai Indians,field,Mumbai Indians,Mumbai Indians,Kolkata Knight Riders
336022,336022,2007/08,2008/05/17,Feroz Shah Kotla,Delhi,Delhi Daredevils,bat,Kings XI Punjab,Delhi Daredevils,Kings XI Punjab
336023,336023,2007/08,2008/05/17,Sawai Mansingh Stadium,Jaipur,Royal Challengers Bangalore,field,Rajasthan Royals,Rajasthan Royals,Royal Challengers Bangalore
336024,336024,2007/08,2008/05/18,"Rajiv Gandhi International Stadium, Uppal",Hyderabad,Deccan Chargers,field,Mumbai Indians,Deccan Chargers,Mumbai Indians
336025,336025,2007/08,2008/05/18,Eden Gardens,Kolkata,Kolkata Knight Riders,bat,Chennai Super Kings,Kolkata Knight Riders,Chennai Super Kings
336026,336026,2007/08,2008/05/19,M Chinnaswamy Stadium,Bangalore,Delhi Daredevils,field,Delhi Daredevils,Royal Challengers Bangalore,Delhi Daredevils
336027,336027,2007/08,2008/05/20,Eden Gardens,Kolkata,Rajasthan Royals,field,Rajasthan Royals,Kolkata Knight Riders,Rajasthan Royals
336028,336028,2007/08,2008/05/21,Wankhede Stadium,Mumbai,Mumbai Indians,field,Kings XI Punjab,Mumbai Indians,Kings XI Punjab
336029,336029,2007/08,2008/05/21,"MA Chidambaram Stadium, Chepauk",Chennai,Royal Challengers Bangalore,bat,Royal Challengers Bangalore,Chennai Super Kings,Royal Challengers Bangalore
336031,336031,2007/08,2008/05/23,"Punjab Cricket Association Stadium, Mohali",Chandigarh,Kings XI Punjab,field,Kings XI Punjab,Kings XI Punjab,Deccan Chargers
336032,336032,2007/08,2008/05/24,Feroz Shah Kotla,Delhi,Delhi Daredevils,field,Delhi Daredevils,Delhi Daredevils,Mumbai Indians
336033,336033,2007/08,2008/05/24,"MA Chidambaram Stadium, Chepauk",Chennai,Rajasthan Royals,bat,Rajasthan Royals,Chennai Super Kings,Rajasthan Royals
336034,336034,2007/08,2008/05/03,M Chinnaswamy Stadium,Bangalore,Deccan Chargers,field,Royal Challengers Bangalore,Royal Challengers Bangalore,Deccan Chargers
336035,336035,2007/08,2008/05/25,Eden Gardens,Kolkata,Kings XI Punjab,bat,Kolkata Knight Riders,Kolkata Knight Riders,Kings XI Punjab
336036,336036,2007/08,2008/05/26,Sawai Mansingh Stadium,Jaipur,Rajasthan Royals,field,Rajasthan Royals,Rajasthan Royals,Mumbai Indians
336037,336037,2007/08,2008/05/27,"Rajiv Gandhi International Stadium, Uppal",Hyderabad,Deccan Chargers,bat,Chennai Super Kings,Deccan Chargers,Chennai Super Kings
336038,336038,2007/08,2008/05/30,Wankhede Stadium,Mumbai,Delhi Daredevils,field,Rajasthan Royals,Delhi Daredevils,Rajasthan Royals
336039,336039,2007/08,2008/05/31,Wankhede Stadium,Mumbai,Kings XI Punjab,bat,Chennai Super Kings,Chennai Super Kings,Kings XI Punjab
336040,336040,2007/08,2008/06/01,Dr DY Patil Sports Academy,Mumbai,Rajasthan Royals,field,Rajasthan Royals,Chennai Super Kings,Rajasthan Royals
392181,392181,2009,2009/04/18,Newlands,Cape Town,Chennai Super Kings,field,Mumbai Indians,Chennai Super Kings,Mumbai Indians
392182,392182,2009,2009/04/18,Newlands,Cape Town,Royal Challengers Bangalore,bat,Royal Challengers Bangalore,Royal Challengers Bangalore,Rajasthan Royals
392183,392183,2009,2009/04/19,Newlands,Cape Town,Delhi Daredevils,field,Delhi Daredevils,Delhi Daredevils,Kings XI Punjab
392184,392184,2009,2009/04/19,Newlands,Cape Town,Kolkata Knight Riders,bat,Deccan Chargers,Deccan Chargers,Kolkata Knight Riders
392185,392185,2009,2009/04/20,St George's Park,Port Elizabeth,Chennai Super Kings,bat,Chennai Super Kings,Royal Challengers Bangalore,Chennai Super Kings
392186,392186,2009,2009/04/21,Kingsmead,Durban,Kolkata Knight Riders,field,Kolkata Knight Riders,Kings XI Punjab,Kolkata Knight Riders
392188,392188,2009,2009/04/22,Newlands,Cape Town,Deccan Chargers,bat,Deccan Chargers,Royal Challengers Bangalore,Deccan Chargers
392189,392189,2009,2009/04/23,Kingsmead,Durban,Delhi Daredevils,bat,Delhi Daredevils,Chennai Super Kings,Delhi Daredevils
392190,392190,2009,2009/04/23,Newlands,Cape Town,Kolkata Knight Riders,field,,Kolkata Knight Riders,Rajasthan Royals
392191,392191,2009,2009/04/24,Kingsmead,Durban,Royal Challengers Bangalore,bat,Kings XI Punjab,Royal Challengers Bangalore,Kings XI Punjab
392192,392192,2009,2009/04/25,Kingsmead,Durban,Deccan Chargers,bat,Deccan Chargers,Deccan Chargers,Mumbai Indians
392194,392194,2009,2009/04/26,St George's Park,Port Elizabeth,Royal Challengers Bangalore,bat,Delhi Daredevils,Royal Challengers Bangalore,Delhi Daredevils
392195,392195,2009,2009/04/26,Newlands,Cape Town,Kings XI Punjab,bat,Kings XI Punjab,Kings XI Punjab,Rajasthan Royals
392196,392196,2009,2009/04/27,Kingsmead,Durban,Deccan Chargers,field,Deccan Chargers,Chennai Super Kings,Deccan Chargers
392197,392197,2009,2009/04/27,St George's Park,Port Elizabeth,Mumbai Indians,bat,Mumbai Indians,Kolkata Knight Riders,Mumbai Indians
392198,392198,2009,2009/04/28,SuperSport Park,Centurion,Delhi Daredevils,bat,Rajasthan Royals,Delhi Daredevils,Rajasthan Royals
392199,392199,2009,2009/04/29,Kingsmead,Durban,Kolkata Knight Riders,bat,Royal Challengers Bangalore,Royal Challengers Bangalore,Kolkata Knight Riders
392200,392200,2009,2009/04/29,Kingsmead,Durban,Kings XI Punjab,bat,Kings XI Punjab,Kings XI Punjab,Mumbai Indians
392201,392201,2009,2009/04/30,SuperSport Park,Centurion,Delhi Daredevils,field,Delhi Daredevils,Deccan Chargers,Delhi Daredevils
392202,392202,2009,2009/04/30,SuperSport Park,Centurion,Rajasthan Royals,field,Chennai Super Kings,Chennai Super Kings,Rajasthan Royals
392203,392203,2009,2009/05/01,Buffalo Park,East London,Mumbai Indians,bat,Mumbai Indians,Kolkata Knight Riders,Mumbai Indians
392204,392204,2009,2009/05/01,Kingsmead,Durban,Royal Challengers Bangalore,bat,Royal Challengers Bangalore,Royal Challengers Bangalore,Kings XI Punjab
392205,392205,2009,2009/05/02,St George's Park,Port Elizabeth,Deccan Chargers,bat,Rajasthan Royals,Deccan Chargers,Rajasthan Royals
392206,392206,2009,2009/05/02,New Wanderers Stadium,Johannesburg,Delhi Daredevils,field,Chennai Super Kings,Chennai Super Kings,Delhi Daredevils
392207,392207,2009,2009/05/03,St George's Park,Port Elizabeth,Kolkata Knight Riders,bat,Kings XI Punjab,Kings XI Punjab,Kolkata Knight Riders
392208,392208,2009,2009/05/03,New Wanderers Stadium,Johannesburg,Mumbai Indians,bat,Royal Challengers Bangalore,Royal Challengers Bangalore,Mumbai Indians
392209,392209,2009,2009/05/04,Buffalo Park,East London,Chennai Super Kings,bat,Chennai Super Kings,Chennai Super Kings,Deccan Chargers
392210,392210,2009,2009/05/05,Kingsmead,Durban,Kings XI Punjab,field,Rajasthan Royals,Kings XI Punjab,Rajasthan Royals
392211,392211,2009,2009/05/05,Kingsmead,Durban,Kolkata Knight Riders,bat,Delhi Daredevils,Delhi Daredevils,Kolkata Knight Riders
392212,392212,2009,2009/05/06,SuperSport Park,Centurion,Deccan Chargers,bat,Deccan Chargers,Deccan Chargers,Mumbai Indians
392213,392213,2009,2009/05/07,SuperSport Park,Centurion,Rajasthan Royals,field,Rajasthan Royals,Royal Challengers Bangalore,Rajasthan Royals
392214,392214,2009,2009/05/07,SuperSport Park,Centurion,Chennai Super Kings,bat,Chennai Super Kings,Chennai Super Kings,Kings XI Punjab
392215,392215,2009,2009/05/08,Buffalo Park,East London,Mumbai Indians,bat,Delhi Daredevils,Delhi Daredevils,Mumbai Indians
392216,392216,2009,2009/05/09,De Beers Diamond Oval,Kimberley,Kings XI Punjab,field,Kings XI Punjab,Deccan Chargers,Kings XI Punjab
392217,392217,2009,2009/05/09,De Beers Diamond Oval,Kimberley,Rajasthan Royals,bat,Chennai Super Kings,Chennai Super Kings,Rajasthan Royals
392218,392218,2009,2009/05/10,St George's Park,Port Elizabeth,Mumbai Indians,bat,Mumbai Indians,Royal Challengers Bangalore,Mumbai Indians
392219,392219,2009,2009/05/10,New Wanderers Stadium,Johannesburg,Delhi Daredevils,field,Delhi Daredevils,Delhi Daredevils,Kolkata Knight Riders
392220,392220,2009,2009/05/11,De Beers Diamond Oval,Kimberley,Deccan Chargers,bat,Deccan Chargers,Deccan Chargers,Rajasthan Royals
392221,392221,2009,2009/05/12,SuperSport Park,Centurion,Royal Challengers Bangalore,field,Royal Challengers Bangalore,Royal Challengers Bangalore,Kolkata Knight Riders
392222,392222,2009,2009/05/12,SuperSport Park,Centurion,Kings XI Punjab,bat,Mumbai Indians,Kings XI Punjab,Mumbai Indians
392223,392223,2009,2009/05/13,Kingsmead,Durban,Deccan Chargers,field,Delhi Daredevils,Deccan Chargers,Delhi Daredevils
392224,392224,2009,2009/05/14,Kingsmead,Durban,Chennai Super Kings,bat,Royal Challengers Bangalore,Royal Challengers Bangalore,Chennai Super Kings
392225,392225,2009,2009/05/14,Kingsmead,Durban,Rajasthan Royals,bat,Rajasthan Royals,Mumbai Indians,Rajasthan Royals
392226,392226,2009,2009/05/15,OUTsurance Oval,Bloemfontein,Kings XI Punjab,field,Kings XI Punjab,Delhi Daredevils,Kings XI Punjab
392227,392227,2009,2009/05/16,St George's Park,Port Elizabeth,Mumbai Indians,bat,Chennai Super Kings,Chennai Super Kings,Mumbai Indians
392228,392228,2009,2009/05/16,New Wanderers Stadium,Johannesburg,Deccan Chargers,field,Deccan Chargers,Deccan Chargers,Kolkata Knight Riders
392229,392229,2009,2009/05/17,New Wanderers Stadium,Johannesburg,Deccan Chargers,field,Kings XI Punjab,Deccan Chargers,Kings XI Punjab
392230,392230,2009,2009/05/17,OUTsurance Oval,Bloemfontein,Delhi Daredevils,bat,Delhi Daredevils,Delhi Daredevils,Rajasthan Royals
392231,392231,2009,2009/05/18,SuperSport Park,Centurion,Chennai Super Kings,bat,Kolkata Knight Riders,Chennai Super Kings,Kolkata Knight Riders
392232,392232,2009,2009/05/19,New Wanderers Stadium,Johannesburg,Delhi Daredevils,bat,Royal Challengers Bangalore,Royal Challengers Bangalore,Delhi Daredevils
392233,392233,2009,2009/05/20,Kingsmead,Durban,Kolkata Knight Riders,field,Kolkata Knight Riders,Kolkata Knight Riders,Rajasthan Royals
392234,392234,2009,2009/05/20,Kingsmead,Durban,Chennai Super Kings,bat,Chennai Super Kings,Chennai Super Kings,Kings XI Punjab
392235,392235,2009,2009/05/21,SuperSport Park,Centurion,Delhi Daredevils,field,Delhi Daredevils,Delhi Daredevils,Mumbai Indians
392236,392236,2009,2009/05/21,SuperSport Park,Centurion,Royal Challengers Bangalore,bat,Royal Challengers Bangalore,Royal Challengers Bangalore,Deccan Chargers
392237,392237,2009,2009/05/22,SuperSport Park,Centurion,Deccan Chargers,field,Deccan Chargers,Delhi Daredevils,Deccan Chargers
392238,392238,2009,2009/05/23,New Wanderers Stadium,Johannesburg,Royal Challengers Bangalore,field,Royal Challengers Bangalore,Royal Challengers Bangalore,Chennai Super Kings
392239,392239,2009,2009/05/24,New Wanderers Stadium,Johannesburg,Royal Challengers Bangalore,field,Deccan Chargers,Royal Challengers Bangalore,Deccan Chargers
419106,419106,2009/10,2010/03/12,Dr DY Patil Sports Academy,Mumbai,Deccan Chargers,field,Kolkata Knight Riders,Deccan Chargers,Kolkata Knight Riders
419107,419107,2009/10,2010/03/13,Brabourne Stadium,Mumbai,Mumbai Indians,bat,Mumbai Indians,Mumbai Indians,Rajasthan Royals
419108,419108,2009/10,2010/03/13,"Punjab Cricket Association Stadium, Mohali",Chandigarh,Delhi Daredevils,field,Delhi Daredevils,Kings XI Punjab,Delhi Daredevils
419109,419109,2009/10,2010/03/14,Eden Gardens,Kolkata,Kolkata Knight Riders,field,Kolkata Knight Riders,Kolkata Knight Riders,Royal Challengers Bangalore
419110,419110,2009/10,2010/03/14,"MA Chidambaram Stadium, Chepauk",Chennai,Deccan Chargers,bat,Deccan Chargers,Chennai Super Kings,Deccan Chargers
419111,419111,2009/10,2010/03/15,"Sardar Patel Stadium, Motera",Ahmedabad,Delhi Daredevils,field,Delhi Daredevils,Rajasthan Royals,Delhi Daredevils
419112,419112,2009/10,2010/03/16,M Chinnaswamy Stadium,Bangalore,Kings XI Punjab,bat,Royal Challengers Bangalore,Royal Challengers Bangalore,Kings XI Punjab
419113,419113,2009/10,2010/03/16,Eden Gardens,Kolkata,Chennai Super Kings,bat,Chennai Super Kings,Kolkata Knight Riders,Chennai Super Kings
419114,419114,2009/10,2010/03/17,Feroz Shah Kotla,Delhi,Delhi Daredevils,field,Mumbai Indians,Delhi Daredevils,Mumbai Indians
419115,419115,2009/10,2010/03/18,M Chinnaswamy Stadium,Bangalore,Royal Challengers Bangalore,field,Royal Challengers Bangalore,Royal Challengers Bangalore,Rajasthan Royals
419116,419116,2009/10,2010/03/19,Feroz Shah Kotla,Delhi,Delhi Daredevils,bat,Chennai Super Kings,Delhi Daredevils,Chennai Super Kings
419117,419117,2009/10,2010/03/19,Barabati Stadium,Cuttack,Kings XI Punjab,field,Deccan Chargers,Deccan Chargers,Kings XI Punjab
419118,419118,2009/10,2010/03/20,"Sardar Patel Stadium, Motera",Ahmedabad,Rajasthan Royals,bat,Rajasthan Royals,Rajasthan Royals,Kolkata Knight Riders
419119,419119,2009/10,2010/03/20,Brabourne Stadium,Mumbai,Mumbai Indians,bat,Royal Challengers Bangalore,Mumbai Indians,Royal Challengers Bangalore
419120,419120,2009/10,2010/03/21,Barabati Stadium,Cuttack,Deccan Chargers,bat,Deccan Chargers,Deccan Chargers,Delhi Daredevils
419121,419121,2009/10,2010/03/21,"MA Chidambaram Stadium, Chepauk",Chennai,Chennai Super Kings,field,,Chennai Super Kings,Kings XI Punjab
419122,419122,2009/10,2010/03/22,Brabourne Stadium,Mumbai,Kolkata Knight Riders,bat,Mumbai Indians,Mumbai Indians,Kolkata Knight Riders
419123,419123,2009/10,2010/03/23,M Chinnaswamy Stadium,Bangalore,Chennai Super Kings,field,Royal Challengers Bangalore,Royal Challengers Bangalore,Chennai Super Kings
419124,419124,2009/10,2010/03/24,"Punjab Cricket Association Stadium, Mohali",Chandigarh,Kings XI Punjab,field,Rajasthan Royals,Kings XI Punjab,Rajasthan Royals
419125,419125,2009/10,2010/03/25,"Brabourne Stadium, Mumbai",Mumbai,Mumbai Indians,field,Mumbai Indians,Chennai Super Kings,Mumbai Indians
419126,419126,2009/10,2010/03/26,"Sardar Patel Stadium, Motera",Ahmedabad,Deccan Chargers,bat,Rajasthan Royals,Rajasthan Royals,Deccan Chargers
419127,419127,2009/10,2010/03/27,"Punjab Cricket Association Stadium, Mohali",Chandigarh,Kolkata Knight Riders,bat,Kolkata Knight Riders,Kings XI Punjab,Kolkata Knight Riders
419128,419128,2009/10,2010/03/25,M Chinnaswamy Stadium,Bangalore,Royal Challengers Bangalore,field,Delhi Daredevils,Royal Challengers Bangalore,Delhi Daredevils
419129,419129,2009/10,2010/03/28,"Sardar Patel Stadium, Motera",Ahmedabad,Rajasthan Royals,bat,Rajasthan Royals,Rajasthan Royals,Chennai Super Kings
419130,419130,2009/10,2010/03/28,Dr DY Patil Sports Academy,Mumbai,Deccan Chargers,field,Mumbai Indians,Deccan Chargers,Mumbai Indians
419131,419131,2009/10,2010/03/29,Feroz Shah Kotla,Delhi,Delhi Daredevils,bat,Delhi Daredevils,Delhi Daredevils,Kolkata Knight Riders
419132,419132,2009/10,2010/03/30,Brabourne Stadium,Mumbai,Mumbai Indians,field,Mumbai Indians,Mumbai Indians,Kings XI Punjab
419133,419133,2009/10,2010/03/31,"MA Chidambaram Stadium, Chepauk",Chennai,Royal Challengers Bangalore,bat,Chennai Super Kings,Chennai Super Kings,Royal Challengers Bangalore
419134,419134,2009/10,2010/03/31,Feroz Shah Kotla,Delhi,Delhi Daredevils,bat,Delhi Daredevils,Delhi Daredevils,Rajasthan Royals
419135,419135,2009/10,2010/04/01,Eden Gardens,Kolkata,Kolkata Knight Riders,bat,Kolkata Knight Riders,Kolkata Knight Riders,Deccan Chargers
419136,419136,2009/10,2010/04/02,"Punjab Cricket Association Stadium, Mohali",Chandigarh,Kings XI Punjab,bat,Royal Challengers Bangalore,Kings XI Punjab,Royal Challengers Bangalore
419137,419137,2009/10,2010/04/03,"MA Chidambaram Stadium, Chepauk",Chennai,Chennai Super Kings,bat,Chennai Super Kings,Chennai Super Kings,Rajasthan Royals
419138,419138,2009/10,2010/04/03,Brabourne Stadium,Mumbai,Mumbai Indians,bat,Mumbai Indians,Mumbai Indians,Deccan Chargers
419139,419139,2009/10,2010/04/04,Eden Gardens,Kolkata,Kolkata Knight Riders,bat,Kings XI Punjab,Kolkata Knight Riders,Kings XI Punjab
419140,419140,2009/10,2010/04/04,Feroz Shah Kotla,Delhi,Delhi Daredevils,bat,Delhi Daredevils,Delhi Daredevils,Royal Challengers Bangalore
419141,419141,2009/10,2010/04/05,"Vidarbha Cricket Association Stadium, Jamtha",Nagpur,Rajasthan Royals,bat,Rajasthan Royals,Deccan Chargers,Rajasthan Royals
419142,419142,2009/10,2010/04/06,"MA Chidambaram Stadium, Chepauk",Chennai,Chennai Super Kings,bat,Chennai Super Kings,Chennai Super Kings,Mumbai Indians
419143,419143,2009/10,2010/04/07,Sawai Mansingh Stadium,Jaipur,Kings XI Punjab,bat,Rajasthan Royals,Rajasthan Royals,Kings XI Punjab
419144,419144,2009/10,2010/04/07,Eden Gardens,Kolkata,Kolkata Knight Riders,bat,Kolkata Knight Riders,Kolkata Knight Riders,Delhi Daredevils
419145,419145,2009/10,2010/04/08,M Chinnaswamy Stadium,Bangalore,Deccan Chargers,field,Deccan Chargers,Royal Challengers Bangalore,Deccan Chargers
419146,419146,2009/10,2010/04/09,"Punjab Cricket Association Stadium, Mohali",Chandigarh,Mumbai Indians,bat,Kings XI Punjab,Kings XI Punjab,Mumbai Indians
419147,419147,2009/10,2010/04/10,"Vidarbha Cricket Association Stadium, Jamtha",Nagpur,Chennai Super Kings,bat,Deccan Chargers,Deccan Chargers,Chennai Super Kings
419148,419148,2009/10,2010/04/10,M Chinnaswamy Stadium,Bangalore,Royal Challengers Bangalore,field,Royal Challengers Bangalore,Royal Challengers Bangalore,Kolkata Knight Riders
419149,419149,2009/10,2010/04/11,Feroz Shah Kotla,Delhi,Delhi Daredevils,bat,Kings XI Punjab,Delhi Daredevils,Kings XI Punjab
419150,419150,2009/10,2010/04/11,Sawai Mansingh Stadium,Jaipur,Rajasthan Royals,field,Mumbai Indians,Rajasthan Royals,Mumbai Indians
419151,419151,2009/10,2010/04/12,"Vidarbha Cricket Association Stadium, Jamtha",Nagpur,Royal Challengers Bangalore,field,Deccan Chargers,Deccan Chargers,Royal Challengers Bangalore
419152,419152,2009/10,2010/04/13,Brabourne Stadium,Mumbai,Mumbai Indians,bat,Mumbai Indians,Mumbai Indians,Delhi Daredevils
419153,419153,2009/10,2010/04/13,"MA Chidambaram Stadium, Chepauk",Chennai,Kolkata Knight Riders,bat,Chennai Super Kings,Chennai Super Kings,Kolkata Knight Riders
419154,419154,2009/10,2010/04/14,Sawai Mansingh Stadium,Jaipur,Rajasthan Royals,bat,Royal Challengers Bangalore,Rajasthan Royals,Royal Challengers Bangalore
419155,419155,2009/10,2010/04/15,"MA Chidambaram Stadium, Chepauk",Chennai,Chennai Super Kings,bat,Delhi Daredevils,Chennai Super Kings,Delhi Daredevils
419156,419156,2009/10,2010/04/16,Himachal Pradesh Cricket Association Stadium,Dharamsala,Deccan Chargers,field,Deccan Chargers,Kings XI Punjab,Deccan Chargers
419157,419157,2009/10,2010/04/17,M Chinnaswamy Stadium,Bangalore,Royal Challengers Bangalore,field,Mumbai Indians,Royal Challengers Bangalore,Mumbai Indians
419158,419158,2009/10,2010/04/17,Eden Gardens,Kolkata,Rajasthan Royals,bat,Kolkata Knight Riders,Kolkata Knight Riders,Rajasthan Royals
419159,419159,2009/10,2010/04/18,Himachal Pradesh Cricket Association Stadium,Dharamsala,Chennai Super Kings,field,Chennai Super Kings,Kings XI Punjab,Chennai Super Kings
419160,419160,2009/10,2010/04/18,Feroz Shah Kotla,Delhi,Deccan Chargers,bat,Deccan Chargers,Delhi Daredevils,Deccan Chargers
419161,419161,2009/10,2010/04/19,Eden Gardens,Kolkata,Mumbai Indians,bat,Kolkata Knight Riders,Kolkata Knight Riders,Mumbai Indians
419162,419162,2009/10,2010/04/21,Dr DY Patil Sports Academy,Mumbai,Mumbai Indians,bat,Mumbai Indians,Royal Challengers Bangalore,Mumbai Indians
419163,419163,2009/10,2010/04/22,Dr DY Patil Sports Academy,Mumbai,Chennai Super Kings,bat,Chennai Super Kings,Chennai Super Kings,Deccan Chargers
419164,419164,2009/10,2010/04/24,Dr DY Patil Sports Academy,Mumbai,Deccan Chargers,bat,Royal Challengers Bangalore,Royal Challengers Bangalore,Deccan Chargers
419165,419165,2009/10,2010/04/25,Dr DY Patil Sports Academy,Mumbai,Chennai Super Kings,bat,Chennai Super Kings,Chennai Super Kings,Mumbai Indians
501198,501198,2011,2011/04/08,"MA Chidambaram Stadium, Chepauk",Chennai,Chennai Super Kings,bat,Chennai Super Kings,Chennai Super Kings,Kolkata Knight Riders
501199,501199,2011,2011/04/09,"Rajiv Gandhi International Stadium, Uppal",Hyderabad,Rajasthan Royals,field,Rajasthan Royals,Deccan Chargers,Rajasthan Royals
501200,501200,2011,2011/04/09,Nehru Stadium,Kochi,Kochi Tuskers Kerala,bat,Royal Challengers Bangalore,Kochi Tuskers Kerala,Royal Challengers Bangalore
501201,501201,2011,2011/04/10,Feroz Shah Kotla,Delhi,Delhi Daredevils,bat,Mumbai Indians,Delhi Daredevils,Mumbai Indians
501202,501202,2011,2011/04/10,Dr DY Patil Sports Academy,Mumbai,Kings XI Punjab,bat,Pune Warriors,Pune Warriors,Kings XI Punjab
501203,501203,2011,2011/04/11,Eden Gardens,Kolkata,Kolkata Knight Riders,bat,Kolkata Knight Riders,Kolkata Knight Riders,Deccan Chargers
501204,501204,2011,2011/04/12,Sawai Mansingh Stadium,Jaipur,Delhi Daredevils,bat,Rajasthan Royals,Rajasthan Royals,Delhi Daredevils
501205,501205,2011,2011/04/12,M Chinnaswamy Stadium,Bangalore,Mumbai Indians,field,Mumbai Indians,Royal Challengers Bangalore,Mumbai Indians
501206,501206,2011,2011/04/13,"Punjab Cricket Association Stadium, Mohali",Chandigarh,Kings XI Punjab,field,Kings XI Punjab,Kings XI Punjab,Chennai Super Kings
501207,501207,2011,2011/04/13,Dr DY Patil Sports Academy,Mumbai,Kochi Tuskers Kerala,bat,Pune Warriors,Pune Warriors,Kochi Tuskers Kerala
501208,501208,2011,2011/04/14,"Rajiv Gandhi International Stadium, Uppal",Hyderabad,Royal Challengers Bangalore,field,Deccan Chargers,Deccan Chargers,Royal Challengers Bangalore
501209,501209,2011,2011/04/15,Sawai Mansingh Stadium,Jaipur,Kolkata Knight Riders,field,Kolkata Knight Riders,Rajasthan Royals,Kolkata Knight Riders
501210,501210,2011,2011/04/15,Wankhede Stadium,Mumbai,Kochi Tuskers Kerala,field,Kochi Tuskers Kerala,Mumbai Indians,Kochi Tuskers Kerala
501211,501211,2011,2011/04/16,"MA Chidambaram Stadium, Chepauk",Chennai,Chennai Super Kings,bat,Chennai Super Kings,Chennai Super Kings,Royal Challengers Bangalore
501212,501212,2011,2011/04/16,"Rajiv Gandhi International Stadium, Uppal",Hyderabad,Kings XI Punjab,field,Kings XI Punjab,Deccan Chargers,Kings XI Punjab
501213,501213,2011,2011/04/17,Dr DY Patil Sports Academy,Mumbai,Delhi Daredevils,field,Delhi Daredevils,Pune Warriors,Delhi Daredevils
501214,501214,2011,2011/04/17,Eden Gardens,Kolkata,Kolkata Knight Riders,field,Kolkata Knight Riders,Kolkata Knight Riders,Rajasthan Royals
501215,501215,2011,2011/04/18,Nehru Stadium,Kochi,Kochi Tuskers Kerala,field,Kochi Tuskers Kerala,Kochi Tuskers Kerala,Chennai Super Kings
501216,501216,2011,2011/04/19,Feroz Shah Kotla,Delhi,Deccan Chargers,bat,Deccan Chargers,Delhi Daredevils,Deccan Chargers
501218,501218,2011,2011/04/20,Wankhede Stadium,Mumbai,Pune Warriors,bat,Mumbai Indians,Mumbai Indians,Pune Warriors
501219,501219,2011,2011/04/20,Eden Gardens,Kolkata,Kolkata Knight Riders,field,Kochi Tuskers Kerala,Kolkata Knight Riders,Kochi Tuskers Kerala
501220,501220,2011,2011/04/21,"Punjab Cricket Association Stadium, Mohali",Chandigarh,Rajasthan Royals,field,Kings XI Punjab,Kings XI Punjab,Rajasthan Royals
501221,501221,2011,2011/04/22,Wankhede Stadium,Mumbai,Chennai Super Kings,field,Mumbai Indians,Mumbai Indians,Chennai Super Kings
501222,501222,2011,2011/04/22,Eden Gardens,Kolkata,Royal Challengers Bangalore,field,Royal Challengers Bangalore,Kolkata Knight Riders,Royal Challengers Bangalore
501223,501223,2011,2011/04/23,Feroz Shah Kotla,Delhi,Kings XI Punjab,field,Delhi Daredevils,Delhi Daredevils,Kings XI Punjab
501224,501224,2011,2011/04/24,"Rajiv Gandhi International Stadium, Uppal",Hyderabad,Deccan Chargers,field,Mumbai Indians,Deccan Chargers,Mumbai Indians
501225,501225,2011,2011/04/24,Sawai Mansingh Stadium,Jaipur,Rajasthan Royals,field,Rajasthan Royals,Rajasthan Royals,Kochi Tuskers Kerala
501226,501226,2011,2011/04/25,"MA Chidambaram Stadium, Chepauk",Chennai,Pune Warriors,field,Chennai Super Kings,Chennai Super Kings,Pune Warriors
501227,501227,2011,2011/04/26,Feroz Shah Kotla,Delhi,Royal Challengers Bangalore,field,Royal Challengers Bangalore,Delhi Daredevils,Royal Challengers Bangalore
501228,501228,2011,2011/04/27,Dr DY Patil Sports Academy,Mumbai,Pune Warriors,bat,Chennai Super Kings,Pune Warriors,Chennai Super Kings
501229,501229,2011,2011/04/27,Nehru Stadium,Kochi,Kochi Tuskers Kerala,field,Deccan Chargers,Kochi Tuskers Kerala,Deccan Chargers
501230,501230,2011,2011/04/28,Feroz Shah Kotla,Delhi,Delhi Daredevils,field,Kolkata Knight Riders,Delhi Daredevils,Kolkata Knight Riders
501231,501231,2011,2011/04/29,Sawai Mansingh Stadium,Jaipur,Rajasthan Royals,field,Rajasthan Royals,Rajasthan Royals,Mumbai Indians
501232,501232,2011,2011/04/29,M Chinnaswamy Stadium,Bangalore,Pune Warriors,field,Royal Challengers Bangalore,Royal Challengers Bangalore,Pune Warriors
501233,501233,2011,2011/04/30,Nehru Stadium,Kochi,Delhi Daredevils,bat,Delhi Daredevils,Kochi Tuskers Kerala,Delhi Daredevils
501234,501234,2011,2011/04/30,Eden Gardens,Kolkata,Kolkata Knight Riders,field,Kolkata Knight Riders,Kolkata Knight Riders,Kings XI Punjab
501235,501235,2011,2011/05/01,Sawai Mansingh Stadium,Jaipur,Rajasthan Royals,field,Rajasthan Royals,Rajasthan Royals,Pune Warriors
501236,501236,2011,2011/05/01,"MA Chidambaram Stadium, Chepauk",Chennai,Chennai Super Kings,bat,Chennai Super Kings,Chennai Super Kings,Deccan Chargers
501237,501237,2011,2011/05/02,Wankhede Stadium,Mumbai,Kings XI Punjab,field,Mumbai Indians,Mumbai Indians,Kings XI Punjab
501238,501238,2011,2011/05/02,Feroz Shah Kotla,Delhi,Kochi Tuskers Kerala,field,Kochi Tuskers Kerala,Delhi Daredevils,Kochi Tuskers Kerala
501239,501239,2011,2011/05/03,"Rajiv Gandhi International Stadium, Uppal",Hyderabad,Deccan Chargers,field,Kolkata Knight Riders,Deccan Chargers,Kolkata Knight Riders
501240,501240,2011,2011/05/04,"MA Chidambaram Stadium, Chepauk",Chennai,Rajasthan Royals,bat,Chennai Super Kings,Chennai Super Kings,Rajasthan Royals
501241,501241,2011,2011/05/04,Dr DY Patil Sports Academy,Mumbai,Pune Warriors,field,Mumbai Indians,Pune Warriors,Mumbai Indians
501242,501242,2011,2011/05/05,Nehru Stadium,Kochi,Kolkata Knight Riders,field,Kochi Tuskers Kerala,Kochi Tuskers Kerala,Kolkata Knight Riders
501243,501243,2011,2011/05/05,"Rajiv Gandhi International Stadium, Uppal",Hyderabad,Delhi Daredevils,field,Delhi Daredevils,Deccan Chargers,Delhi Daredevils
501244,501244,2011,2011/05/06,M Chinnaswamy Stadium,Bangalore,Kings XI Punjab,field,Royal Challengers Bangalore,Royal Challengers Bangalore,Kings XI Punjab
501245,501245,2011,2011/05/07,Eden Gardens,Kolkata,Chennai Super Kings,bat,Kolkata Knight Riders,Kolkata Knight Riders,Chennai Super Kings
501246,501246,2011,2011/05/07,Wankhede Stadium,Mumbai,Delhi Daredevils,field,Mumbai Indians,Mumbai Indians,Delhi Daredevils
501247,501247,2011,2011/05/08,M Chinnaswamy Stadium,Bangalore,Kochi Tuskers Kerala,bat,Royal Challengers Bangalore,Royal Challengers Bangalore,Kochi Tuskers Kerala
501248,501248,2011,2011/05/08,"Punjab Cricket Association Stadium, Mohali",Chandigarh,Kings XI Punjab,bat,Pune Warriors,Kings XI Punjab,Pune Warriors
501249,501249,2011,2011/05/09,Sawai Mansingh Stadium,Jaipur,Rajasthan Royals,field,Chennai Super Kings,Rajasthan Royals,Chennai Super Kings
501250,501250,2011,2011/05/10,"Rajiv Gandhi International Stadium, Uppal",Hyderabad,Deccan Chargers,bat,Pune Warriors,Deccan Chargers,Pune Warriors
501251,501251,2011,2011/05/10,"Punjab Cricket Association Stadium, Mohali",Chandigarh,Mumbai Indians,field,Kings XI Punjab,Kings XI Punjab,Mumbai Indians
501252,501252,2011,2011/05/11,Sawai Mansingh Stadium,Jaipur,Royal Challengers Bangalore,field,Royal Challengers Bangalore,Rajasthan Royals,Royal Challengers Bangalore
501253,501253,2011,2011/05/12,"MA Chidambaram Stadium, Chepauk",Chennai,Chennai Super Kings,bat,Chennai Super Kings,Chennai Super Kings,Delhi Daredevils
501254,501254,2011,2011/05/13,Holkar Cricket Stadium,Indore,Kings XI Punjab,field,Kings XI Punjab,Kochi Tuskers Kerala,Kings XI Punjab
501255,501255,2011,2011/05/14,M Chinnaswamy Stadium,Bangalore,Royal Challengers Bangalore,field,Royal Challengers Bangalore,Royal Challengers Bangalore,Kolkata Knight Riders
501256,501256,2011,2011/05/14,Wankhede Stadium,Mumbai,Deccan Chargers,bat,Deccan Chargers,Mumbai Indians,Deccan Chargers
501257,501257,2011,2011/05/15,Himachal Pradesh Cricket Association Stadium,Dharamsala,Delhi Daredevils,field,Kings XI Punjab,Kings XI Punjab,Delhi Daredevils
501258,501258,2011,2011/05/15,Holkar Cricket Stadium,Indore,Kochi Tuskers Kerala,field,Kochi Tuskers Kerala,Kochi Tuskers Kerala,Rajasthan Royals
501259,501259,2011,2011/05/16,Dr DY Patil Sports Academy,Mumbai,Deccan Chargers,field,Deccan Chargers,Pune Warriors,Deccan Chargers
501260,501260,2011,2011/05/17,Himachal Pradesh Cricket Association Stadium,Dharamsala,Kings XI Punjab,bat,Kings XI Punjab,Kings XI Punjab,Royal Challengers Bangalore
501261,501261,2011,2011/05/18,"MA Chidambaram Stadium, Chepauk",Chennai,Chennai Super Kings,bat,Chennai Super Kings,Chennai Super Kings,Kochi Tuskers Kerala
501262,501262,2011,2011/05/19,Dr DY Patil Sports Academy,Mumbai,Kolkata Knight Riders,field,Kolkata Knight Riders,Pune Warriors,Kolkata Knight Riders
501263,501263,2011,2011/05/20,Wankhede Stadium,Mumbai,Mumbai Indians,bat,Rajasthan Royals,Mumbai Indians,Rajasthan Royals
501264,501264,2011,2011/05/21,Himachal Pradesh Cricket Association Stadium,Dharamsala,Kings XI Punjab,field,Deccan Chargers,Kings XI Punjab,Deccan Chargers
501265,501265,2011,2011/05/21,Feroz Shah Kotla,Delhi,Delhi Daredevils,bat,,Delhi Daredevils,Pune Warriors
501266,501266,2011,2011/05/22,M Chinnaswamy Stadium,Bangalore,Royal Challengers Bangalore,field,Royal Challengers Bangalore,Royal Challengers Bangalore,Chennai Super Kings
501267,501267,2011,2011/05/22,Eden Gardens,Kolkata,Mumbai Indians,field,Mumbai Indians,Kolkata Knight Riders,Mumbai Indians
501268,501268,2011,2011/05/24,Wankhede Stadium,Mumbai,Chennai Super Kings,field,Chennai Super Kings,Royal Challengers Bangalore,Chennai Super Kings
501269,501269,2011,2011/05/25,Wankhede Stadium,Mumbai,Mumbai Indians,field,Mumbai Indians,Mumbai Indians,Kolkata Knight Riders
501270,501270,2011,2011/05/27,"MA Chidambaram Stadium, Chepauk",Chennai,Mumbai Indians,field,Royal Challengers Bangalore,Royal Challengers Bangalore,Mumbai Indians
501271,501271,2011,2011/05/28,"MA Chidambaram Stadium, Chepauk",Chennai,Chennai Super Kings,bat,Chennai Super Kings,Chennai Super Kings,Royal Challengers Bangalore
548306,548306,2012,2012/04/04,"MA Chidambaram Stadium, Chepauk",Chennai,Mumbai Indians,field,Mumbai Indians,Chennai Super Kings,Mumbai Indians
548307,548307,2012,2012/04/05,Eden Gardens,Kolkata,Delhi Daredevils,field,Delhi Daredevils,Kolkata Knight Riders,Delhi Daredevils
548308,548308,2012,2012/04/06,Wankhede Stadium,Mumbai,Mumbai Indians,field,Pune Warriors,Mumbai Indians,Pune Warriors
548309,548309,2012,2012/04/06,Sawai Mansingh Stadium,Jaipur,Kings XI Punjab,field,Rajasthan Royals,Rajasthan Royals,Kings XI Punjab
548310,548310,2012,2012/04/07,M Chinnaswamy Stadium,Bangalore,Delhi Daredevils,field,Royal Challengers Bangalore,Royal Challengers Bangalore,Delhi Daredevils
548311,548311,2012,2012/04/07,Dr. Y.S. Rajasekhara Reddy ACA-VDCA Cricket Stadium,Visakhapatnam,Deccan Chargers,field,Chennai Super Kings,Deccan Chargers,Chennai Super Kings
548312,548312,2012,2012/04/08,Sawai Mansingh Stadium,Jaipur,Kolkata Knight Riders,field,Rajasthan Royals,Rajasthan Royals,Kolkata Knight Riders
548313,548313,2012,2012/04/08,Subrata Roy Sahara Stadium,Pune,Pune Warriors,bat,Pune Warriors,Pune Warriors,Kings XI Punjab
548314,548314,2012,2012/04/09,Dr. Y.S. Rajasekhara Reddy ACA-VDCA Cricket Stadium,Visakhapatnam,Deccan Chargers,bat,Mumbai Indians,Deccan Chargers,Mumbai Indians
548315,548315,2012,2012/04/10,M Chinnaswamy Stadium,Bangalore,Royal Challengers Bangalore,field,Kolkata Knight Riders,Royal Challengers Bangalore,Kolkata Knight Riders
548316,548316,2012,2012/04/10,Feroz Shah Kotla,Delhi,Delhi Daredevils,field,Delhi Daredevils,Delhi Daredevils,Chennai Super Kings
548317,548317,2012,2012/04/11,Wankhede Stadium,Mumbai,Rajasthan Royals,field,Mumbai Indians,Mumbai Indians,Rajasthan Royals
548318,548318,2012,2012/04/12,"MA Chidambaram Stadium, Chepauk",Chennai,Royal Challengers Bangalore,bat,Chennai Super Kings,Chennai Super Kings,Royal Challengers Bangalore
548319,548319,2012,2012/04/12,"Punjab Cricket Association Stadium, Mohali",Chandigarh,Kings XI Punjab,field,Kings XI Punjab,Kings XI Punjab,Pune Warriors
548320,548320,2012,2012/04/13,Eden Gardens,Kolkata,Rajasthan Royals,bat,Kolkata Knight Riders,Kolkata Knight Riders,Rajasthan Royals
548321,548321,2012,2012/04/19,Feroz Shah Kotla,Delhi,Deccan Chargers,bat,Delhi Daredevils,Delhi Daredevils,Deccan Chargers
548322,548322,2012,2012/04/14,Subrata Roy Sahara Stadium,Pune,Chennai Super Kings,bat,Pune Warriors,Pune Warriors,Chennai Super Kings
548323,548323,2012,2012/04/15,Eden Gardens,Kolkata,Kolkata Knight Riders,field,Kings XI Punjab,Kolkata Knight Riders,Kings XI Punjab
548324,548324,2012,2012/04/15,M Chinnaswamy Stadium,Bangalore,Rajasthan Royals,bat,Rajasthan Royals,Royal Challengers Bangalore,Rajasthan Royals
548325,548325,2012,2012/04/16,Wankhede Stadium,Mumbai,Delhi Daredevils,field,Delhi Daredevils,Mumbai Indians,Delhi Daredevils
548326,548326,2012,2012/04/17,Sawai Mansingh Stadium,Jaipur,Deccan Chargers,bat,Rajasthan Royals,Rajasthan Royals,Deccan Chargers
548327,548327,2012,2012/04/17,M Chinnaswamy Stadium,Bangalore,Pune Warriors,bat,Royal Challengers Bangalore,Royal Challengers Bangalore,Pune Warriors
548328,548328,2012,2012/04/18,"Punjab Cricket Association Stadium, Mohali",Chandigarh,Kings XI Punjab,bat,Kolkata Knight Riders,Kings XI Punjab,Kolkata Knight Riders
548329,548329,2012,2012/05/10,"Rajiv Gandhi International Stadium, Uppal",Hyderabad,Deccan Chargers,bat,Delhi Daredevils,Deccan Chargers,Delhi Daredevils
548330,548330,2012,2012/04/19,"MA Chidambaram Stadium, Chepauk",Chennai,Pune Warriors,field,Chennai Super Kings,Chennai Super Kings,Pune Warriors
548331,548331,2012,2012/04/20,"Punjab Cricket Association Stadium, Mohali",Chandigarh,Royal Challengers Bangalore,field,Royal Challengers Bangalore,Kings XI Punjab,Royal Challengers Bangalore
548332,548332,2012,2012/04/21,"MA Chidambaram Stadium, Chepauk",Chennai,Rajasthan Royals,bat,Chennai Super Kings,Chennai Super Kings,Rajasthan Royals
548333,548333,2012,2012/04/21,Feroz Shah Kotla,Delhi,Delhi Daredevils,field,Pune Warriors,Delhi Daredevils,Pune Warriors
548334,548334,2012,2012/04/22,Wankhede Stadium,Mumbai,Mumbai Indians,bat,Kings XI Punjab,Mumbai Indians,Kings XI Punjab
548335,548335,2012,2012/04/22,Barabati Stadium,Cuttack,Kolkata Knight Riders,field,Kolkata Knight Riders,Deccan Chargers,Kolkata Knight Riders
548336,548336,2012,2012/04/23,Sawai Mansingh Stadium,Jaipur,Rajasthan Royals,field,Royal Challengers Bangalore,Rajasthan Royals,Royal Challengers Bangalore
548337,548337,2012,2012/04/24,Subrata Roy Sahara Stadium,Pune,Pune Warriors,bat,Delhi Daredevils,Pune Warriors,Delhi Daredevils
548339,548339,2012,2012/04/25,"Punjab Cricket Association Stadium, Mohali",Chandigarh,Kings XI Punjab,bat,Mumbai Indians,Kings XI Punjab,Mumbai Indians
548341,548341,2012,2012/04/26,Subrata Roy Sahara Stadium,Pune,Deccan Chargers,bat,Deccan Chargers,Pune Warriors,Deccan Chargers
548342,548342,2012,2012/04/27,Feroz Shah Kotla,Delhi,Mumbai Indians,field,Delhi Daredevils,Delhi Daredevils,Mumbai Indians
548343,548343,2012,2012/04/28,"MA Chidambaram Stadium, Chepauk",Chennai,Kings XI Punjab,bat,Kings XI Punjab,Chennai Super Kings,Kings XI Punjab
548344,548344,2012,2012/04/28,Eden Gardens,Kolkata,Kolkata Knight Riders,bat,Kolkata Knight Riders,Kolkata Knight Riders,Royal Challengers Bangalore
548345,548345,2012,2012/04/29,Feroz Shah Kotla,Delhi,Delhi Daredevils,bat,Delhi Daredevils,Delhi Daredevils,Rajasthan Royals
548346,548346,2012,2012/04/29,Wankhede Stadium,Mumbai,Mumbai Indians,field,Mumbai Indians,Mumbai Indians,Deccan Chargers
548347,548347,2012,2012/04/30,"MA Chidambaram Stadium, Chepauk",Chennai,Chennai Super Kings,bat,Kolkata Knight Riders,Chennai Super Kings,Kolkata Knight Riders
548348,548348,2012,2012/05/01,Barabati Stadium,Cuttack,Deccan Chargers,bat,Deccan Chargers,Deccan Chargers,Pune Warriors
548349,548349,2012,2012/05/01,Sawai Mansingh Stadium,Jaipur,Rajasthan Royals,bat,Delhi Daredevils,Rajasthan Royals,Delhi Daredevils
548350,548350,2012,2012/05/02,M Chinnaswamy Stadium,Bangalore,Kings XI Punjab,field,Kings XI Punjab,Royal Challengers Bangalore,Kings XI Punjab
548351,548351,2012,2012/05/03,Subrata Roy Sahara Stadium,Pune,Mumbai Indians,bat,Mumbai Indians,Pune Warriors,Mumbai Indians
548352,548352,2012,2012/05/04,"MA Chidambaram Stadium, Chepauk",Chennai,Chennai Super Kings,bat,Chennai Super Kings,Chennai Super Kings,Deccan Chargers
548353,548353,2012,2012/05/05,Eden Gardens,Kolkata,Kolkata Knight Riders,bat,Kolkata Knight Riders,Kolkata Knight Riders,Pune Warriors
548354,548354,2012,2012/05/05,"Punjab Cricket Association Stadium, Mohali",Chandigarh,Rajasthan Royals,bat,Rajasthan Royals,Kings XI Punjab,Rajasthan Royals
548355,548355,2012,2012/05/06,Wankhede Stadium,Mumbai,Mumbai Indians,field,Mumbai Indians,Mumbai Indians,Chennai Super Kings
548356,548356,2012,2012/05/06,M Chinnaswamy Stadium,Bangalore,Royal Challengers Bangalore,field,Royal Challengers Bangalore,Royal Challengers Bangalore,Deccan Chargers
548357,548357,2012,2012/05/07,Feroz Shah Kotla,Delhi,Delhi Daredevils,bat,Kolkata Knight Riders,Delhi Daredevils,Kolkata Knight Riders
548358,548358,2012,2012/05/08,Subrata Roy Sahara Stadium,Pune,Pune Warriors,bat,Rajasthan Royals,Pune Warriors,Rajasthan Royals
548359,548359,2012,2012/05/08,"Rajiv Gandhi International Stadium, Uppal",Hyderabad,Deccan Chargers,field,Kings XI Punjab,Deccan Chargers,Kings XI Punjab
548360,548360,2012,2012/05/09,Wankhede Stadium,Mumbai,Royal Challengers Bangalore,field,Royal Challengers Bangalore,Mumbai Indians,Royal Challengers Bangalore
548361,548361,2012,2012/05/10,Sawai Mansingh Stadium,Jaipur,Chennai Super Kings,field,Chennai Super Kings,Rajasthan Royals,Chennai Super Kings
548362,548362,2012,2012/05/11,Subrata Roy Sahara Stadium,Pune,Pune Warriors,field,Royal Challengers Bangalore,Pune Warriors,Royal Challengers Bangalore
548363,548363,2012,2012/05/12,Eden Gardens,Kolkata,Mumbai Indians,bat,Mumbai Indians,Kolkata Knight Riders,Mumbai Indians
548364,548364,2012,2012/05/12,"MA Chidambaram Stadium, Chepauk",Chennai,Chennai Super Kings,field,Chennai Super Kings,Chennai Super Kings,Delhi Daredevils
548365,548365,2012,2012/05/13,Sawai Mansingh Stadium,Jaipur,Rajasthan Royals,bat,Rajasthan Royals,Rajasthan Royals,Pune Warriors
548366,548366,2012,2012/05/13,"Punjab Cricket Association Stadium, Mohali",Chandigarh,Deccan Chargers,bat,Kings XI Punjab,Kings XI Punjab,Deccan Chargers
548367,548367,2012,2012/05/14,M Chinnaswamy Stadium,Bangalore,Mumbai Indians,field,Mumbai Indians,Royal Challengers Bangalore,Mumbai Indians
548368,548368,2012,2012/05/14,Eden Gardens,Kolkata,Chennai Super Kings,field,Chennai Super Kings,Kolkata Knight Riders,Chennai Super Kings
548369,548369,2012,2012/05/15,Feroz Shah Kotla,Delhi,Kings XI Punjab,bat,Delhi Daredevils,Delhi Daredevils,Kings XI Punjab
548370,548370,2012,2012/05/16,Wankhede Stadium,Mumbai,Mumbai Indians,field,Kolkata Knight Riders,Mumbai Indians,Kolkata Knight Riders
548371,548371,2012,2012/05/17,Himachal Pradesh Cricket Association Stadium,Dharamsala,Kings XI Punjab,field,Kings XI Punjab,Kings XI Punjab,Chennai Super Kings
548372,548372,2012,2012/05/17,Feroz Shah Kotla,Delhi,Delhi Daredevils,field,Royal Challengers Bangalore,Delhi Daredevils,Royal Challengers Bangalore
548373,548373,2012,2012/05/18,"Rajiv Gandhi International Stadium, Uppal",Hyderabad,Rajasthan Royals,bat,Deccan Chargers,Deccan Chargers,Rajasthan Royals
548374,548374,2012,2012/05/19,Himachal Pradesh Cricket Association Stadium,Dharamsala,Delhi Daredevils,field,Delhi Daredevils,Kings XI Punjab,Delhi Daredevils
548375,548375,2012,2012/05/19,Subrata Roy Sahara Stadium,Pune,Kolkata Knight Riders,bat,Kolkata Knight Riders,Pune Warriors,Kolkata Knight Riders
548376,548376,2012,2012/05/20,"Rajiv Gandhi International Stadium, Uppal",Hyderabad,Royal Challengers Bangalore,field,Deccan Chargers,Deccan Chargers,Royal Challengers Bangalore
548377,548377,2012,2012/05/20,Sawai Mansingh Stadium,Jaipur,Rajasthan Royals,bat,Mumbai Indians,Rajasthan Royals,Mumbai Indians
548378,548378,2012,2012/05/22,Subrata Roy Sahara Stadium,Pune,Kolkata Knight Riders,bat,Kolkata Knight Riders,Delhi Daredevils,Kolkata Knight Riders
548379,548379,2012,2012/05/23,M Chinnaswamy Stadium,Bangalore,Mumbai Indians,field,Chennai Super Kings,Chennai Super Kings,Mumbai Indians
548380,548380,2012,2012/05/25,"MA Chidambaram Stadium, Chepauk",Chennai,Delhi Daredevils,field,Chennai Super Kings,Delhi Daredevils,Chennai Super Kings
548381,548381,2012,2012/05/27,"MA Chidambaram Stadium, Chepauk",Chennai,Chennai Super Kings,bat,Kolkata Knight Riders,Kolkata Knight Riders,Chennai Super Kings
597998,597998,2013,2013/04/03,Eden Gardens,Kolkata,Kolkata Knight Riders,field,Kolkata Knight Riders,Kolkata Knight Riders,Delhi Daredevils
597999,597999,2013,2013/04/04,M Chinnaswamy Stadium,Bangalore,Mumbai Indians,field,Royal Challengers Bangalore,Royal Challengers Bangalore,Mumbai Indians
598000,598000,2013,2013/04/05,"Rajiv Gandhi International Stadium, Uppal",Hyderabad,Pune Warriors,field,Sunrisers Hyderabad,Sunrisers Hyderabad,Pune Warriors
598001,598001,2013,2013/04/06,Feroz Shah Kotla,Delhi,Rajasthan Royals,bat,Rajasthan Royals,Delhi Daredevils,Rajasthan Royals
598002,598002,2013,2013/04/06,"MA Chidambaram Stadium, Chepauk",Chennai,Mumbai Indians,bat,Mumbai Indians,Chennai Super Kings,Mumbai Indians
598003,598003,2013,2013/04/07,Subrata Roy Sahara Stadium,Pune,Pune Warriors,bat,Kings XI Punjab,Pune Warriors,Kings XI Punjab
598004,598004,2013,2013/04/07,"Rajiv Gandhi International Stadium, Uppal",Hyderabad,Royal Challengers Bangalore,bat,,Sunrisers Hyderabad,Royal Challengers Bangalore
598005,598005,2013,2013/04/08,Sawai Mansingh Stadium,Jaipur,Kolkata Knight Riders,field,Rajasthan Royals,Rajasthan Royals,Kolkata Knight Riders
598006,598006,2013,2013/04/09,Wankhede Stadium,Mumbai,Mumbai Indians,bat,Mumbai Indians,Mumbai Indians,Delhi Daredevils
598007,598007,2013,2013/04/10,"Punjab Cricket Association Stadium, Mohali",Chandigarh,Chennai Super Kings,field,Chennai Super Kings,Kings XI Punjab,Chennai Super Kings
598008,598008,2013,2013/04/11,M Chinnaswamy Stadium,Bangalore,Royal Challengers Bangalore,field,Royal Challengers Bangalore,Royal Challengers Bangalore,Kolkata Knight Riders
598009,598009,2013,2013/04/11,Subrata Roy Sahara Stadium,Pune,Rajasthan Royals,bat,Pune Warriors,Pune Warriors,Rajasthan Royals
598010,598010,2013,2013/04/12,Feroz Shah Kotla,Delhi,Delhi Daredevils,bat,Sunrisers Hyderabad,Delhi Daredevils,Sunrisers Hyderabad
598011,598011,2013,2013/04/13,Wankhede Stadium,Mumbai,Mumbai Indians,bat,Mumbai Indians,Mumbai Indians,Pune Warriors
598012,598012,2013,2013/04/13,"MA Chidambaram Stadium, Chepauk",Chennai,Chennai Super Kings,field,Chennai Super Kings,Chennai Super Kings,Royal Challengers Bangalore
598013,598013,2013,2013/04/14,Eden Gardens,Kolkata,Kolkata Knight Riders,bat,Kolkata Knight Riders,Kolkata Knight Riders,Sunrisers Hyderabad
598014,598014,2013,2013/04/14,Sawai Mansingh Stadium,Jaipur,Rajasthan Royals,field,Rajasthan Royals,Rajasthan Royals,Kings XI Punjab
598015,598015,2013,2013/04/15,"MA Chidambaram Stadium, Chepauk",Chennai,Pune Warriors,bat,Pune Warriors,Chennai Super Kings,Pune Warriors
598016,598016,2013,2013/04/16,"Punjab Cricket Association Stadium, Mohali",Chandigarh,Kolkata Knight Riders,field,Kings XI Punjab,Kings XI Punjab,Kolkata Knight Riders
598017,598017,2013,2013/04/16,M Chinnaswamy Stadium,Bangalore,Royal Challengers Bangalore,field,,Royal Challengers Bangalore,Delhi Daredevils
598018,598018,2013,2013/04/17,Maharashtra Cricket Association Stadium,Pune,Pune Warriors,field,Sunrisers Hyderabad,Pune Warriors,Sunrisers Hyderabad
598019,598019,2013,2013/04/17,Sawai Mansingh Stadium,Jaipur,Rajasthan Royals,bat,Rajasthan Royals,Rajasthan Royals,Mumbai Indians
598020,598020,2013,2013/04/18,Feroz Shah Kotla,Delhi,Chennai Super Kings,bat,Chennai Super Kings,Delhi Daredevils,Chennai Super Kings
598021,598021,2013,2013/04/19,"Rajiv Gandhi International Stadium, Uppal",Hyderabad,Kings XI Punjab,bat,Sunrisers Hyderabad,Sunrisers Hyderabad,Kings XI Punjab
598022,598022,2013,2013/04/20,Eden Gardens,Kolkata,Kolkata Knight Riders,bat,Chennai Super Kings,Kolkata Knight Riders,Chennai Super Kings
598023,598023,2013,2013/04/20,M Chinnaswamy Stadium,Bangalore,Royal Challengers Bangalore,field,Royal Challengers Bangalore,Royal Challengers Bangalore,Rajasthan Royals
598024,598024,2013,2013/04/21,Feroz Shah Kotla,Delhi,Mumbai Indians,bat,Delhi Daredevils,Delhi Daredevils,Mumbai Indians
598025,598025,2013,2013/04/21,"Punjab Cricket Association Stadium, Mohali",Chandigarh,Kings XI Punjab,field,Kings XI Punjab,Kings XI Punjab,Pune Warriors
598026,598026,2013,2013/04/22,"MA Chidambaram Stadium, Chepauk",Chennai,Rajasthan Royals,bat,Chennai Super Kings,Chennai Super Kings,Rajasthan Royals
598027,598027,2013,2013/04/23,M Chinnaswamy Stadium,Bangalore,Pune Warriors,field,Royal Challengers Bangalore,Royal Challengers Bangalore,Pune Warriors
598028,598028,2013,2013/05/16,Himachal Pradesh Cricket Association Stadium,Dharamsala,Delhi Daredevils,field,Kings XI Punjab,Kings XI Punjab,Delhi Daredevils
598029,598029,2013,2013/04/24,Eden Gardens,Kolkata,Kolkata Knight Riders,bat,Mumbai Indians,Kolkata Knight Riders,Mumbai Indians
598030,598030,2013,2013/04/25,"MA Chidambaram Stadium, Chepauk",Chennai,Sunrisers Hyderabad,bat,Chennai Super Kings,Chennai Super Kings,Sunrisers Hyderabad
598031,598031,2013,2013/04/26,Eden Gardens,Kolkata,Kings XI Punjab,bat,Kolkata Knight Riders,Kolkata Knight Riders,Kings XI Punjab
598032,598032,2013,2013/04/27,Sawai Mansingh Stadium,Jaipur,Sunrisers Hyderabad,bat,Rajasthan Royals,Rajasthan Royals,Sunrisers Hyderabad
598033,598033,2013,2013/04/27,Wankhede Stadium,Mumbai,Mumbai Indians,bat,Mumbai Indians,Mumbai Indians,Royal Challengers Bangalore
598034,598034,2013,2013/04/28,"MA Chidambaram Stadium, Chepauk",Chennai,Kolkata Knight Riders,field,Chennai Super Kings,Chennai Super Kings,Kolkata Knight Riders
598035,598035,2013,2013/04/28,Shaheed Veer Narayan Singh International Stadium,Raipur,Pune Warriors,field,Delhi Daredevils,Delhi Daredevils,Pune Warriors
598036,598036,2013,2013/04/29,Sawai Mansingh Stadium,Jaipur,Rajasthan Royals,field,Rajasthan Royals,Rajasthan Royals,Royal Challengers Bangalore
598037,598037,2013,2013/04/29,Wankhede Stadium,Mumbai,Mumbai Indians,bat,Mumbai Indians,Mumbai Indians,Kings XI Punjab
598038,598038,2013,2013/04/30,Subrata Roy Sahara Stadium,Pune,Chennai Super Kings,bat,Chennai Super Kings,Pune Warriors,Chennai Super Kings
598039,598039,2013,2013/05/01,"Rajiv Gandhi International Stadium, Uppal",Hyderabad,Mumbai Indians,bat,Sunrisers Hyderabad,Sunrisers Hyderabad,Mumbai Indians
598040,598040,2013,2013/05/01,Shaheed Veer Narayan Singh International Stadium,Raipur,Kolkata Knight Riders,bat,Delhi Daredevils,Delhi Daredevils,Kolkata Knight Riders
598041,598041,2013,2013/05/02,"MA Chidambaram Stadium, Chepauk",Chennai,Chennai Super Kings,bat,Chennai Super Kings,Chennai Super Kings,Kings XI Punjab
598042,598042,2013,2013/05/02,Subrata Roy Sahara Stadium,Pune,Royal Challengers Bangalore,bat,Royal Challengers Bangalore,Pune Warriors,Royal Challengers Bangalore
598043,598043,2013,2013/05/03,Eden Gardens,Kolkata,Rajasthan Royals,bat,Kolkata Knight Riders,Kolkata Knight Riders,Rajasthan Royals
598044,598044,2013,2013/05/04,"Rajiv Gandhi International Stadium, Uppal",Hyderabad,Delhi Daredevils,bat,Sunrisers Hyderabad,Sunrisers Hyderabad,Delhi Daredevils
598045,598045,2013,2013/05/14,M Chinnaswamy Stadium,Bangalore,Kings XI Punjab,field,Kings XI Punjab,Royal Challengers Bangalore,Kings XI Punjab
598046,598046,2013,2013/05/05,Wankhede Stadium,Mumbai,Mumbai Indians,bat,Mumbai Indians,Mumbai Indians,Chennai Super Kings
598047,598047,2013,2013/05/05,Sawai Mansingh Stadium,Jaipur,Pune Warriors,bat,Rajasthan Royals,Rajasthan Royals,Pune Warriors
598048,598048,2013,2013/04/09,M Chinnaswamy Stadium,Bangalore,Sunrisers Hyderabad,bat,Royal Challengers Bangalore,Royal Challengers Bangalore,Sunrisers Hyderabad
598049,598049,2013,2013/05/07,Sawai Mansingh Stadium,Jaipur,Delhi Daredevils,bat,Rajasthan Royals,Rajasthan Royals,Delhi Daredevils
598050,598050,2013,2013/05/07,Wankhede Stadium,Mumbai,Mumbai Indians,bat,Mumbai Indians,Mumbai Indians,Kolkata Knight Riders
598051,598051,2013,2013/05/08,"Rajiv Gandhi International Stadium, Uppal",Hyderabad,Sunrisers Hyderabad,field,Chennai Super Kings,Sunrisers Hyderabad,Chennai Super Kings
598052,598052,2013,2013/05/09,"Punjab Cricket Association Stadium, Mohali",Chandigarh,Rajasthan Royals,field,Rajasthan Royals,Kings XI Punjab,Rajasthan Royals
598053,598053,2013,2013/05/09,Subrata Roy Sahara Stadium,Pune,Kolkata Knight Riders,bat,Kolkata Knight Riders,Pune Warriors,Kolkata Knight Riders
598054,598054,2013,2013/05/10,Feroz Shah Kotla,Delhi,Delhi Daredevils,field,Royal Challengers Bangalore,Delhi Daredevils,Royal Challengers Bangalore
598055,598055,2013,2013/05/11,Subrata Roy Sahara Stadium,Pune,Pune Warriors,bat,Mumbai Indians,Pune Warriors,Mumbai Indians
598056,598056,2013,2013/05/11,"Punjab Cricket Association Stadium, Mohali",Chandigarh,Kings XI Punjab,field,Sunrisers Hyderabad,Kings XI Punjab,Sunrisers Hyderabad
598057,598057,2013,2013/05/12,JSCA International Stadium Complex,Ranchi,Kolkata Knight Riders,field,Kolkata Knight Riders,Kolkata Knight Riders,Royal Challengers Bangalore
598058,598058,2013,2013/05/12,Sawai Mansingh Stadium,Jaipur,Rajasthan Royals,field,Rajasthan Royals,Rajasthan Royals,Chennai Super Kings
598059,598059,2013,2013/04/23,Feroz Shah Kotla,Delhi,Kings XI Punjab,field,Kings XI Punjab,Delhi Daredevils,Kings XI Punjab
598060,598060,2013,2013/05/13,Wankhede Stadium,Mumbai,Sunrisers Hyderabad,bat,Mumbai Indians,Mumbai Indians,Sunrisers Hyderabad
598061,598061,2013,2013/05/15,JSCA International Stadium Complex,Ranchi,Kolkata Knight Riders,field,Pune Warriors,Kolkata Knight Riders,Pune Warriors
598062,598062,2013,2013/05/14,"MA Chidambaram Stadium, Chepauk",Chennai,Chennai Super Kings,bat,Chennai Super Kings,Chennai Super Kings,Delhi Daredevils
598063,598063,2013,2013/05/15,Wankhede Stadium,Mumbai,Rajasthan Royals,field,Mumbai Indians,Mumbai Indians,Rajasthan Royals
598064,598064,2013,2013/05/06,"Punjab Cricket Association Stadium, Mohali",Chandigarh,Kings XI Punjab,field,Kings XI Punjab,Kings XI Punjab,Royal Challengers Bangalore
598065,598065,2013,2013/05/17,"Rajiv Gandhi International Stadium, Uppal",Hyderabad,Sunrisers Hyderabad,bat,Sunrisers Hyderabad,Sunrisers Hyderabad,Rajasthan Royals
598066,598066,2013,2013/05/18,Himachal Pradesh Cricket Association Stadium,Dharamsala,Mumbai Indians,field,Kings XI Punjab,Kings XI Punjab,Mumbai Indians
598067,598067,2013,2013/05/19,Subrata Roy Sahara Stadium,Pune,Pune Warriors,bat,Pune Warriors,Pune Warriors,Delhi Daredevils
598068,598068,2013,2013/05/18,M Chinnaswamy Stadium,Bangalore,Chennai Super Kings,field,Royal Challengers Bangalore,Royal Challengers Bangalore,Chennai Super Kings
598069,598069,2013,2013/05/19,"Rajiv Gandhi International Stadium, Uppal",Hyderabad,Kolkata Knight Riders,bat,Sunrisers Hyderabad,Sunrisers Hyderabad,Kolkata Knight Riders
598070,598070,2013,2013/05/21,Feroz Shah Kotla,Delhi,Chennai Super Kings,bat,Chennai Super Kings,Chennai Super Kings,Mumbai Indians
598071,598071,2013,2013/05/22,Feroz Shah Kotla,Delhi,Sunrisers Hyderabad,bat,Rajasthan Royals,Rajasthan Royals,Sunrisers Hyderabad
598072,598072,2013,2013/05/24,Eden Gardens,Kolkata,Rajasthan Royals,bat,Mumbai Indians,Mumbai Indians,Rajasthan Royals
598073,598073,2013,2013/05/26,Eden Gardens,Kolkata,Mumbai Indians,bat,Mumbai Indians,Chennai Super Kings,Mumbai Indians
729279,729279,2014,2014/04/16,Sheikh Zayed Stadium,Abu Dhabi,Kolkata Knight Riders,bat,Kolkata Knight Riders,Mumbai Indians,Kolkata Knight Riders
729281,729281,2014,2014/04/17,Sharjah Cricket Stadium,,Royal Challengers Bangalore,field,Royal Challengers Bangalore,Delhi Daredevils,Royal Challengers Bangalore
729283,729283,2014,2014/04/18,Sheikh Zayed Stadium,Abu Dhabi,Chennai Super Kings,bat,Kings XI Punjab,Chennai Super Kings,Kings XI Punjab
729285,729285,2014,2014/04/18,Sheikh Zayed Stadium,Abu Dhabi,Rajasthan Royals,field,Rajasthan Royals,Sunrisers Hyderabad,Rajasthan Royals
729287,729287,2014,2014/04/19,Dubai International Cricket Stadium,,Royal Challengers Bangalore,field,Royal Challengers Bangalore,Royal Challengers Bangalore,Mumbai Indians
729289,729289,2014,2014/04/19,Dubai International Cricket Stadium,,Kolkata Knight Riders,bat,Delhi Daredevils,Kolkata Knight Riders,Delhi Daredevils
729291,729291,2014,2014/04/20,Sharjah Cricket Stadium,,Kings XI Punjab,field,Kings XI Punjab,Rajasthan Royals,Kings XI Punjab
729293,729293,2014,2014/04/21,Sheikh Zayed Stadium,Abu Dhabi,Chennai Super Kings,bat,Chennai Super Kings,Chennai Super Kings,Delhi Daredevils
729295,729295,2014,2014/04/22,Sharjah Cricket Stadium,,Sunrisers Hyderabad,field,Kings XI Punjab,Kings XI Punjab,Sunrisers Hyderabad
729297,729297,2014,2014/04/23,Dubai International Cricket Stadium,,Rajasthan Royals,field,Chennai Super Kings,Rajasthan Royals,Chennai Super Kings
729299,729299,2014,2014/04/24,Sharjah Cricket Stadium,,Royal Challengers Bangalore,field,Kolkata Knight Riders,Royal Challengers Bangalore,Kolkata Knight Riders
729301,729301,2014,2014/04/25,Dubai International Cricket Stadium,,Sunrisers Hyderabad,bat,Sunrisers Hyderabad,Sunrisers Hyderabad,Delhi Daredevils
729303,729303,2014,2014/04/25,Dubai International Cricket Stadium,,Mumbai Indians,bat,Chennai Super Kings,Chennai Super Kings,Mumbai Indians
729305,729305,2014,2014/04/26,Sheikh Zayed Stadium,Abu Dhabi,Rajasthan Royals,field,Rajasthan Royals,Rajasthan Royals,Royal Challengers Bangalore
729307,729307,2014,2014/04/26,Sheikh Zayed Stadium,Abu Dhabi,Kolkata Knight Riders,field,Kings XI Punjab,Kolkata Knight Riders,Kings XI Punjab
729309,729309,2014,2014/04/27,Sharjah Cricket Stadium,,Mumbai Indians,bat,Delhi Daredevils,Delhi Daredevils,Mumbai Indians
729311,729311,2014,2014/04/27,Sharjah Cricket Stadium,,Sunrisers Hyderabad,bat,Chennai Super Kings,Sunrisers Hyderabad,Chennai Super Kings
729313,729313,2014,2014/04/28,Dubai International Cricket Stadium,,Kings XI Punjab,field,Kings XI Punjab,Kings XI Punjab,Royal Challengers Bangalore
729315,729315,2014,2014/04/29,Sheikh Zayed Stadium,Abu Dhabi,Rajasthan Royals,bat,,Kolkata Knight Riders,Rajasthan Royals
729317,729317,2014,2014/04/30,Dubai International Cricket Stadium,,Mumbai Indians,field,Sunrisers Hyderabad,Mumbai Indians,Sunrisers Hyderabad
733971,733971,2014,2014/05/02,JSCA International Stadium Complex,Ranchi,Chennai Super Kings,bat,Chennai Super Kings,Chennai Super Kings,Kolkata Knight Riders
733973,733973,2014,2014/05/03,Wankhede Stadium,Mumbai,Kings XI Punjab,bat,Mumbai Indians,Mumbai Indians,Kings XI Punjab
733975,733975,2014,2014/05/03,Feroz Shah Kotla,Delhi,Rajasthan Royals,field,Rajasthan Royals,Delhi Daredevils,Rajasthan Royals
733977,733977,2014,2014/05/04,M Chinnaswamy Stadium,Bangalore,Royal Challengers Bangalore,field,Royal Challengers Bangalore,Royal Challengers Bangalore,Sunrisers Hyderabad
733979,733979,2014,2014/05/05,"Sardar Patel Stadium, Motera",Ahmedabad,Kolkata Knight Riders,field,Rajasthan Royals,Rajasthan Royals,Kolkata Knight Riders
733981,733981,2014,2014/05/05,Feroz Shah Kotla,Delhi,Chennai Super Kings,field,Chennai Super Kings,Delhi Daredevils,Chennai Super Kings
733983,733983,2014,2014/05/06,Wankhede Stadium,Mumbai,Royal Challengers Bangalore,field,Mumbai Indians,Mumbai Indians,Royal Challengers Bangalore
733985,733985,2014,2014/05/07,Feroz Shah Kotla,Delhi,Delhi Daredevils,bat,Kolkata Knight Riders,Delhi Daredevils,Kolkata Knight Riders
733987,733987,2014,2014/05/07,Barabati Stadium,Cuttack,Chennai Super Kings,field,Kings XI Punjab,Kings XI Punjab,Chennai Super Kings
733989,733989,2014,2014/05/08,"Sardar Patel Stadium, Motera",Ahmedabad,Rajasthan Royals,field,Sunrisers Hyderabad,Rajasthan Royals,Sunrisers Hyderabad
733991,733991,2014,2014/05/09,M Chinnaswamy Stadium,Bangalore,Royal Challengers Bangalore,field,Kings XI Punjab,Royal Challengers Bangalore,Kings XI Punjab
733993,733993,2014,2014/05/10,Feroz Shah Kotla,Delhi,Sunrisers Hyderabad,field,Sunrisers Hyderabad,Delhi Daredevils,Sunrisers Hyderabad
733995,733995,2014,2014/05/10,Wankhede Stadium,Mumbai,Chennai Super Kings,field,Chennai Super Kings,Mumbai Indians,Chennai Super Kings
733997,733997,2014,2014/05/11,Barabati Stadium,Cuttack,Kolkata Knight Riders,field,Kolkata Knight Riders,Kings XI Punjab,Kolkata Knight Riders
733999,733999,2014,2014/05/11,M Chinnaswamy Stadium,Bangalore,Royal Challengers Bangalore,bat,Rajasthan Royals,Royal Challengers Bangalore,Rajasthan Royals
734001,734001,2014,2014/05/12,"Rajiv Gandhi International Stadium, Uppal",Hyderabad,Sunrisers Hyderabad,bat,Mumbai Indians,Sunrisers Hyderabad,Mumbai Indians
734003,734003,2014,2014/05/13,JSCA International Stadium Complex,Ranchi,Rajasthan Royals,bat,Chennai Super Kings,Chennai Super Kings,Rajasthan Royals
734005,734005,2014,2014/05/13,M Chinnaswamy Stadium,Bangalore,Delhi Daredevils,field,Royal Challengers Bangalore,Royal Challengers Bangalore,Delhi Daredevils
734007,734007,2014,2014/05/14,"Rajiv Gandhi International Stadium, Uppal",Hyderabad,Kings XI Punjab,field,Kings XI Punjab,Sunrisers Hyderabad,Kings XI Punjab
734009,734009,2014,2014/05/14,Barabati Stadium,Cuttack,Kolkata Knight Riders,field,Kolkata Knight Riders,Kolkata Knight Riders,Mumbai Indians
734011,734011,2014,2014/05/15,"Sardar Patel Stadium, Motera",Ahmedabad,Delhi Daredevils,field,Rajasthan Royals,Rajasthan Royals,Delhi Daredevils
734013,734013,2014,2014/05/18,JSCA International Stadium Complex,Ranchi,Chennai Super Kings,bat,Royal Challengers Bangalore,Chennai Super Kings,Royal Challengers Bangalore
734015,734015,2014,2014/05/18,"Rajiv Gandhi International Stadium, Uppal",Hyderabad,Sunrisers Hyderabad,bat,Kolkata Knight Riders,Sunrisers Hyderabad,Kolkata Knight Riders
734017,734017,2014,2014/05/19,"Sardar Patel Stadium, Motera",Ahmedabad,Mumbai Indians,bat,Mumbai Indians,Rajasthan Royals,Mumbai Indians
734019,734019,2014,2014/05/19,Feroz Shah Kotla,Delhi,Kings XI Punjab,field,Kings XI Punjab,Delhi Daredevils,Kings XI Punjab
734021,734021,2014,2014/05/20,"Rajiv Gandhi International Stadium, Uppal",Hyderabad,Royal Challengers Bangalore,bat,Sunrisers Hyderabad,Sunrisers Hyderabad,Royal Challengers Bangalore
734023,734023,2014,2014/05/20,Eden Gardens,Kolkata,Kolkata Knight Riders,field,Kolkata Knight Riders,Kolkata Knight Riders,Chennai Super Kings
734025,734025,2014,2014/05/21,"Punjab Cricket Association Stadium, Mohali",Chandigarh,Mumbai Indians,field,Mumbai Indians,Kings XI Punjab,Mumbai Indians
734027,734027,2014,2014/05/22,Eden Gardens,Kolkata,Royal Challengers Bangalore,field,Kolkata Knight Riders,Kolkata Knight Riders,Royal Challengers Bangalore
734029,734029,2014,2014/05/22,JSCA International Stadium Complex,Ranchi,Sunrisers Hyderabad,field,Sunrisers Hyderabad,Chennai Super Kings,Sunrisers Hyderabad
734031,734031,2014,2014/05/23,Wankhede Stadium,Mumbai,Delhi Daredevils,field,Mumbai Indians,Mumbai Indians,Delhi Daredevils
734033,734033,2014,2014/05/23,"Punjab Cricket Association Stadium, Mohali",Chandigarh,Rajasthan Royals,field,Kings XI Punjab,Kings XI Punjab,Rajasthan Royals
734035,734035,2014,2014/05/24,M Chinnaswamy Stadium,Bangalore,Chennai Super Kings,field,Chennai Super Kings,Royal Challengers Bangalore,Chennai Super Kings
734037,734037,2014,2014/05/24,Eden Gardens,Kolkata,Kolkata Knight Riders,field,Kolkata Knight Riders,Kolkata Knight Riders,Sunrisers Hyderabad
734039,734039,2014,2014/05/25,"Punjab Cricket Association Stadium, Mohali",Chandigarh,Kings XI Punjab,field,Kings XI Punjab,Kings XI Punjab,Delhi Daredevils
734041,734041,2014,2014/05/25,Wankhede Stadium,Mumbai,Mumbai Indians,field,Mumbai Indians,Mumbai Indians,Rajasthan Royals
734043,734043,2014,2014/05/28,Eden Gardens,Kolkata,Kings XI Punjab,field,Kolkata Knight Riders,Kings XI Punjab,Kolkata Knight Riders
734045,734045,2014,2014/05/28,Brabourne Stadium,Mumbai,Chennai Super Kings,field,Chennai Super Kings,Chennai Super Kings,Mumbai Indians
734047,734047,2014,2014/05/30,Wankhede Stadium,Mumbai,Chennai Super Kings,field,Kings XI Punjab,Chennai Super Kings,Kings XI Punjab
734049,734049,2014,2014/06/01,M Chinnaswamy Stadium,Bangalore,Kolkata Knight Riders,field,Kolkata Knight Riders,Kolkata Knight Riders,Kings XI Punjab
829705,829705,2015,2015/04/08,Eden Gardens,Kolkata,Kolkata Knight Riders,field,Kolkata Knight Riders,Kolkata Knight Riders,Mumbai Indians
829707,829707,2015,2015/04/09,"MA Chidambaram Stadium, Chepauk",Chennai,Delhi Daredevils,field,Chennai Super Kings,Chennai Super Kings,Delhi Daredevils
829709,829709,2015,2015/04/10,Maharashtra Cricket Association Stadium,Pune,Kings XI Punjab,field,Rajasthan Royals,Kings XI Punjab,Rajasthan Royals
829711,829711,2015,2015/04/11,"MA Chidambaram Stadium, Chepauk",Chennai,Chennai Super Kings,bat,Chennai Super Kings,Chennai Super Kings,Sunrisers Hyderabad
829713,829713,2015,2015/04/11,Eden Gardens,Kolkata,Royal Challengers Bangalore,field,Royal Challengers Bangalore,Kolkata Knight Riders,Royal Challengers Bangalore
829715,829715,2015,2015/04/12,Feroz Shah Kotla,Delhi,Rajasthan Royals,field,Rajasthan Royals,Delhi Daredevils,Rajasthan Royals
829717,829717,2015,2015/04/12,Wankhede Stadium,Mumbai,Mumbai Indians,field,Kings XI Punjab,Mumbai Indians,Kings XI Punjab
829719,829719,2015,2015/04/13,M Chinnaswamy Stadium,Bangalore,Sunrisers Hyderabad,field,Sunrisers Hyderabad,Royal Challengers Bangalore,Sunrisers Hyderabad
829721,829721,2015,2015/04/14,"Sardar Patel Stadium, Motera",Ahmedabad,Mumbai Indians,bat,Rajasthan Royals,Rajasthan Royals,Mumbai Indians
829723,829723,2015,2015/04/30,Eden Gardens,Kolkata,Kolkata Knight Riders,field,Kolkata Knight Riders,Kolkata Knight Riders,Chennai Super Kings
829725,829725,2015,2015/04/15,Maharashtra Cricket Association Stadium,Pune,Kings XI Punjab,bat,Delhi Daredevils,Kings XI Punjab,Delhi Daredevils
829727,829727,2015,2015/04/16,Dr. Y.S. Rajasekhara Reddy ACA-VDCA Cricket Stadium,Visakhapatnam,Rajasthan Royals,field,Rajasthan Royals,Sunrisers Hyderabad,Rajasthan Royals
829729,829729,2015,2015/04/17,Wankhede Stadium,Mumbai,Mumbai Indians,bat,Chennai Super Kings,Mumbai Indians,Chennai Super Kings
829731,829731,2015,2015/04/18,Dr. Y.S. Rajasekhara Reddy ACA-VDCA Cricket Stadium,Visakhapatnam,Delhi Daredevils,bat,Delhi Daredevils,Sunrisers Hyderabad,Delhi Daredevils
829733,829733,2015,2015/04/18,Maharashtra Cricket Association Stadium,Pune,Kolkata Knight Riders,field,Kolkata Knight Riders,Kings XI Punjab,Kolkata Knight Riders
829735,829735,2015,2015/04/19,"Sardar Patel Stadium, Motera",Ahmedabad,Chennai Super Kings,bat,Rajasthan Royals,Rajasthan Royals,Chennai Super Kings
829737,829737,2015,2015/04/19,M Chinnaswamy Stadium,Bangalore,Royal Challengers Bangalore,field,Mumbai Indians,Royal Challengers Bangalore,Mumbai Indians
829739,829739,2015,2015/04/20,Feroz Shah Kotla,Delhi,Kolkata Knight Riders,field,Kolkata Knight Riders,Delhi Daredevils,Kolkata Knight Riders
829741,829741,2015,2015/04/21,"Sardar Patel Stadium, Motera",Ahmedabad,Kings XI Punjab,field,,Rajasthan Royals,Kings XI Punjab
829743,829743,2015,2015/04/22,Dr. Y.S. Rajasekhara Reddy ACA-VDCA Cricket Stadium,Visakhapatnam,Kolkata Knight Riders,field,Sunrisers Hyderabad,Sunrisers Hyderabad,Kolkata Knight Riders
829745,829745,2015,2015/04/22,M Chinnaswamy Stadium,Bangalore,Royal Challengers Bangalore,field,Chennai Super Kings,Royal Challengers Bangalore,Chennai Super Kings
829747,829747,2015,2015/04/23,Feroz Shah Kotla,Delhi,Mumbai Indians,field,Delhi Daredevils,Delhi Daredevils,Mumbai Indians
829749,829749,2015,2015/04/24,"Sardar Patel Stadium, Motera",Ahmedabad,Royal Challengers Bangalore,field,Royal Challengers Bangalore,Rajasthan Royals,Royal Challengers Bangalore
829751,829751,2015,2015/04/25,Wankhede Stadium,Mumbai,Mumbai Indians,bat,Mumbai Indians,Mumbai Indians,Sunrisers Hyderabad
829753,829753,2015,2015/04/25,"MA Chidambaram Stadium, Chepauk",Chennai,Chennai Super Kings,bat,Chennai Super Kings,Chennai Super Kings,Kings XI Punjab
829757,829757,2015,2015/04/26,Feroz Shah Kotla,Delhi,Royal Challengers Bangalore,field,Royal Challengers Bangalore,Delhi Daredevils,Royal Challengers Bangalore
829759,829759,2015,2015/04/27,"Punjab Cricket Association Stadium, Mohali",Chandigarh,Kings XI Punjab,field,Sunrisers Hyderabad,Kings XI Punjab,Sunrisers Hyderabad
829761,829761,2015,2015/05/07,Eden Gardens,Kolkata,Kolkata Knight Riders,bat,Kolkata Knight Riders,Kolkata Knight Riders,Delhi Daredevils
829763,829763,2015,2015/04/29,M Chinnaswamy Stadium,Bangalore,Rajasthan Royals,field,,Royal Challengers Bangalore,Rajasthan Royals
829765,829765,2015,2015/04/28,"MA Chidambaram Stadium, Chepauk",Chennai,Kolkata Knight Riders,field,Chennai Super Kings,Chennai Super Kings,Kolkata Knight Riders
829767,829767,2015,2015/05/01,Feroz Shah Kotla,Delhi,Delhi Daredevils,field,Delhi Daredevils,Delhi Daredevils,Kings XI Punjab
829769,829769,2015,2015/05/01,Wankhede Stadium,Mumbai,Rajasthan Royals,field,Mumbai Indians,Mumbai Indians,Rajasthan Royals
829771,829771,2015,2015/05/02,M Chinnaswamy Stadium,Bangalore,Royal Challengers Bangalore,field,Royal Challengers Bangalore,Royal Challengers Bangalore,Kolkata Knight Riders
829773,829773,2015,2015/05/02,"Rajiv Gandhi International Stadium, Uppal",Hyderabad,Chennai Super Kings,field,Sunrisers Hyderabad,Sunrisers Hyderabad,Chennai Super Kings
829775,829775,2015,2015/05/03,"Punjab Cricket Association Stadium, Mohali",Chandigarh,Mumbai Indians,bat,Mumbai Indians,Kings XI Punjab,Mumbai Indians
829777,829777,2015,2015/05/03,Brabourne Stadium,Mumbai,Delhi Daredevils,field,Rajasthan Royals,Rajasthan Royals,Delhi Daredevils
829779,829779,2015,2015/05/04,"MA Chidambaram Stadium, Chepauk",Chennai,Chennai Super Kings,bat,Chennai Super Kings,Chennai Super Kings,Royal Challengers Bangalore
829781,829781,2015,2015/05/04,Eden Gardens,Kolkata,Sunrisers Hyderabad,field,Kolkata Knight Riders,Kolkata Knight Riders,Sunrisers Hyderabad
829783,829783,2015,2015/05/05,Wankhede Stadium,Mumbai,Delhi Daredevils,bat,Mumbai Indians,Mumbai Indians,Delhi Daredevils
829785,829785,2015,2015/05/06,M Chinnaswamy Stadium,Bangalore,Kings XI Punjab,field,Royal Challengers Bangalore,Royal Challengers Bangalore,Kings XI Punjab
829787,829787,2015,2015/05/07,Brabourne Stadium,Mumbai,Rajasthan Royals,field,Sunrisers Hyderabad,Rajasthan Royals,Sunrisers Hyderabad
829789,829789,2015,2015/05/08,"MA Chidambaram Stadium, Chepauk",Chennai,Chennai Super Kings,bat,Mumbai Indians,Chennai Super Kings,Mumbai Indians
829791,829791,2015,2015/05/09,Eden Gardens,Kolkata,Kings XI Punjab,bat,Kolkata Knight Riders,Kolkata Knight Riders,Kings XI Punjab
829793,829793,2015,2015/05/09,Shaheed Veer Narayan Singh International Stadium,Raipur,Sunrisers Hyderabad,bat,Sunrisers Hyderabad,Delhi Daredevils,Sunrisers Hyderabad
829795,829795,2015,2015/05/10,Wankhede Stadium,Mumbai,Royal Challengers Bangalore,bat,Royal Challengers Bangalore,Mumbai Indians,Royal Challengers Bangalore
829797,829797,2015,2015/05/10,"MA Chidambaram Stadium, Chepauk",Chennai,Chennai Super Kings,bat,Chennai Super Kings,Chennai Super Kings,Rajasthan Royals
829799,829799,2015,2015/05/11,"Rajiv Gandhi International Stadium, Uppal",Hyderabad,Sunrisers Hyderabad,bat,Sunrisers Hyderabad,Sunrisers Hyderabad,Kings XI Punjab
829801,829801,2015,2015/05/12,Shaheed Veer Narayan Singh International Stadium,Raipur,Chennai Super Kings,bat,Delhi Daredevils,Delhi Daredevils,Chennai Super Kings
829803,829803,2015,2015/05/13,"Punjab Cricket Association Stadium, Mohali",Chandigarh,Royal Challengers Bangalore,field,Kings XI Punjab,Kings XI Punjab,Royal Challengers Bangalore
829805,829805,2015,2015/05/14,Wankhede Stadium,Mumbai,Kolkata Knight Riders,field,Mumbai Indians,Mumbai Indians,Kolkata Knight Riders
829807,829807,2015,2015/05/15,"Rajiv Gandhi International Stadium, Uppal",Hyderabad,Sunrisers Hyderabad,bat,Royal Challengers Bangalore,Sunrisers Hyderabad,Royal Challengers Bangalore
829809,829809,2015,2015/05/16,"Punjab Cricket Association Stadium, Mohali",Chandigarh,Kings XI Punjab,bat,Chennai Super Kings,Kings XI Punjab,Chennai Super Kings
829811,829811,2015,2015/05/16,Brabourne Stadium,Mumbai,Rajasthan Royals,bat,Rajasthan Royals,Rajasthan Royals,Kolkata Knight Riders
829813,829813,2015,2015/05/17,M Chinnaswamy Stadium,Bangalore,Royal Challengers Bangalore,field,,Royal Challengers Bangalore,Delhi Daredevils
829815,829815,2015,2015/05/17,"Rajiv Gandhi International Stadium, Uppal",Hyderabad,Sunrisers Hyderabad,bat,Mumbai Indians,Sunrisers Hyderabad,Mumbai Indians
829817,829817,2015,2015/05/19,Wankhede Stadium,Mumbai,Mumbai Indians,bat,Mumbai Indians,Chennai Super Kings,Mumbai Indians
829819,829819,2015,2015/05/20,Maharashtra Cricket Association Stadium,Pune,Royal Challengers Bangalore,bat,Royal Challengers Bangalore,Royal Challengers Bangalore,Rajasthan Royals
829821,829821,2015,2015/05/22,JSCA International Stadium Complex,Ranchi,Chennai Super Kings,field,Chennai Super Kings,Chennai Super Kings,Royal Challengers Bangalore
829823,829823,2015,2015/05/24,Eden Gardens,Kolkata,Chennai Super Kings,field,Mumbai Indians,Mumbai Indians,Chennai Super Kings
980901,980901,2016,2016/04/09,Wankhede Stadium,Mumbai,Mumbai Indians,bat,Rising Pune Supergiants,Mumbai Indians,Rising Pune Supergiants
980903,980903,2016,2016/04/10,Eden Gardens,Kolkata,Kolkata Knight Riders,field,Kolkata Knight Riders,Kolkata Knight Riders,Delhi Daredevils
980905,980905,2016,2016/04/11,"Punjab Cricket Association IS Bindra Stadium, Mohali",Chandigarh,Gujarat Lions,field,Gujarat Lions,Kings XI Punjab,Gujarat Lions
980907,980907,2016,2016/04/12,M Chinnaswamy Stadium,Bangalore,Sunrisers Hyderabad,field,Royal Challengers Bangalore,Royal Challengers Bangalore,Sunrisers Hyderabad
980909,980909,2016,2016/04/13,Eden Gardens,Kolkata,Mumbai Indians,field,Mumbai Indians,Kolkata Knight Riders,Mumbai Indians
980911,980911,2016,2016/04/14,Saurashtra Cricket Association Stadium,Rajkot,Rising Pune Supergiants,bat,Gujarat Lions,Gujarat Lions,Rising Pune Supergiants
980913,980913,2016,2016/04/15,Feroz Shah Kotla,Delhi,Delhi Daredevils,field,Delhi Daredevils,Delhi Daredevils,Kings XI Punjab
980915,980915,2016,2016/04/16,"Rajiv Gandhi International Stadium, Uppal",Hyderabad,Sunrisers Hyderabad,bat,Kolkata Knight Riders,Sunrisers Hyderabad,Kolkata Knight Riders
980917,980917,2016,2016/04/16,Wankhede Stadium,Mumbai,Gujarat Lions,field,Gujarat Lions,Mumbai Indians,Gujarat Lions
980919,980919,2016,2016/04/17,"Punjab Cricket Association IS Bindra Stadium, Mohali",Chandigarh,Rising Pune Supergiants,bat,Kings XI Punjab,Kings XI Punjab,Rising Pune Supergiants
980921,980921,2016,2016/04/17,M Chinnaswamy Stadium,Bangalore,Delhi Daredevils,field,Delhi Daredevils,Royal Challengers Bangalore,Delhi Daredevils
980923,980923,2016,2016/04/18,"Rajiv Gandhi International Stadium, Uppal",Hyderabad,Sunrisers Hyderabad,field,Sunrisers Hyderabad,Sunrisers Hyderabad,Mumbai Indians
980925,980925,2016,2016/04/19,"Punjab Cricket Association IS Bindra Stadium, Mohali",Chandigarh,Kolkata Knight Riders,field,Kolkata Knight Riders,Kings XI Punjab,Kolkata Knight Riders
980927,980927,2016,2016/04/20,Wankhede Stadium,Mumbai,Mumbai Indians,field,Mumbai Indians,Mumbai Indians,Royal Challengers Bangalore
980929,980929,2016,2016/04/21,Saurashtra Cricket Association Stadium,Rajkot,Sunrisers Hyderabad,field,Sunrisers Hyderabad,Gujarat Lions,Sunrisers Hyderabad
980931,980931,2016,2016/04/22,Maharashtra Cricket Association Stadium,Pune,Rising Pune Supergiants,field,Royal Challengers Bangalore,Rising Pune Supergiants,Royal Challengers Bangalore
980933,980933,2016,2016/04/23,Feroz Shah Kotla,Delhi,Mumbai Indians,field,Delhi Daredevils,Delhi Daredevils,Mumbai Indians
980935,980935,2016,2016/04/23,"Rajiv Gandhi International Stadium, Uppal",Hyderabad,Sunrisers Hyderabad,field,Sunrisers Hyderabad,Sunrisers Hyderabad,Kings XI Punjab
980937,980937,2016,2016/04/24,Saurashtra Cricket Association Stadium,Rajkot,Royal Challengers Bangalore,bat,Gujarat Lions,Gujarat Lions,Royal Challengers Bangalore
980939,980939,2016,2016/04/24,Maharashtra Cricket Association Stadium,Pune,Kolkata Knight Riders,field,Kolkata Knight Riders,Rising Pune Supergiants,Kolkata Knight Riders
980941,980941,2016,2016/04/25,"Punjab Cricket Association IS Bindra Stadium, Mohali",Chandigarh,Kings XI Punjab,field,Mumbai Indians,Kings XI Punjab,Mumbai Indians
980943,980943,2016,2016/04/26,"Rajiv Gandhi International Stadium, Uppal",Hyderabad,Rising Pune Supergiants,field,Rising Pune Supergiants,Sunrisers Hyderabad,Rising Pune Supergiants
980945,980945,2016,2016/04/27,Feroz Shah Kotla,Delhi,Delhi Daredevils,field,Gujarat Lions,Delhi Daredevils,Gujarat Lions
980947,980947,2016,2016/04/28,Wankhede Stadium,Mumbai,Mumbai Indians,field,Mumbai Indians,Mumbai Indians,Kolkata Knight Riders
980949,980949,2016,2016/04/29,Maharashtra Cricket Association Stadium,Pune,Gujarat Lions,field,Gujarat Lions,Rising Pune Supergiants,Gujarat Lions
980951,980951,2016,2016/04/30,Feroz Shah Kotla,Delhi,Kolkata Knight Riders,field,Delhi Daredevils,Delhi Daredevils,Kolkata Knight Riders
980953,980953,2016,2016/04/30,"Rajiv Gandhi International Stadium, Uppal",Hyderabad,Royal Challengers Bangalore,field,Sunrisers Hyderabad,Sunrisers Hyderabad,Royal Challengers Bangalore
980955,980955,2016,2016/05/01,Saurashtra Cricket Association Stadium,Rajkot,Gujarat Lions,field,Kings XI Punjab,Gujarat Lions,Kings XI Punjab
980957,980957,2016,2016/05/01,Maharashtra Cricket Association Stadium,Pune,Mumbai Indians,field,Mumbai Indians,Rising Pune Supergiants,Mumbai Indians
980959,980959,2016,2016/05/02,M Chinnaswamy Stadium,Bangalore,Kolkata Knight Riders,field,Kolkata Knight Riders,Royal Challengers Bangalore,Kolkata Knight Riders
980961,980961,2016,2016/05/03,Saurashtra Cricket Association Stadium,Rajkot,Delhi Daredevils,field,Delhi Daredevils,Gujarat Lions,Delhi Daredevils
980963,980963,2016,2016/05/04,Eden Gardens,Kolkata,Kings XI Punjab,field,Kolkata Knight Riders,Kolkata Knight Riders,Kings XI Punjab
980965,980965,2016,2016/05/05,Feroz Shah Kotla,Delhi,Rising Pune Supergiants,field,Rising Pune Supergiants,Delhi Daredevils,Rising Pune Supergiants
980967,980967,2016,2016/05/06,"Rajiv Gandhi International Stadium, Uppal",Hyderabad,Sunrisers Hyderabad,field,Sunrisers Hyderabad,Sunrisers Hyderabad,Gujarat Lions
980969,980969,2016,2016/05/07,M Chinnaswamy Stadium,Bangalore,Royal Challengers Bangalore,field,Royal Challengers Bangalore,Royal Challengers Bangalore,Rising Pune Supergiants
980971,980971,2016,2016/05/07,"Punjab Cricket Association IS Bindra Stadium, Mohali",Chandigarh,Delhi Daredevils,field,Kings XI Punjab,Kings XI Punjab,Delhi Daredevils
980973,980973,2016,2016/05/08,Dr. Y.S. Rajasekhara Reddy ACA-VDCA Cricket Stadium,Visakhapatnam,Mumbai Indians,field,Sunrisers Hyderabad,Mumbai Indians,Sunrisers Hyderabad
980975,980975,2016,2016/05/08,Eden Gardens,Kolkata,Gujarat Lions,field,Gujarat Lions,Kolkata Knight Riders,Gujarat Lions
980977,980977,2016,2016/05/09,"Punjab Cricket Association IS Bindra Stadium, Mohali",Chandigarh,Kings XI Punjab,field,Royal Challengers Bangalore,Kings XI Punjab,Royal Challengers Bangalore
980979,980979,2016,2016/05/10,Dr. Y.S. Rajasekhara Reddy ACA-VDCA Cricket Stadium,Visakhapatnam,Sunrisers Hyderabad,bat,Sunrisers Hyderabad,Rising Pune Supergiants,Sunrisers Hyderabad
980981,980981,2016,2016/05/11,M Chinnaswamy Stadium,Bangalore,Mumbai Indians,field,Mumbai Indians,Royal Challengers Bangalore,Mumbai Indians
980983,980983,2016,2016/05/12,"Rajiv Gandhi International Stadium, Uppal",Hyderabad,Delhi Daredevils,field,Delhi Daredevils,Sunrisers Hyderabad,Delhi Daredevils
980985,980985,2016,2016/05/13,Dr. Y.S. Rajasekhara Reddy ACA-VDCA Cricket Stadium,Visakhapatnam,Mumbai Indians,bat,Kings XI Punjab,Mumbai Indians,Kings XI Punjab
980987,980987,2016,2016/05/14,M Chinnaswamy Stadium,Bangalore,Gujarat Lions,field,Royal Challengers Bangalore,Royal Challengers Bangalore,Gujarat Lions
980989,980989,2016,2016/05/14,Eden Gardens,Kolkata,Rising Pune Supergiants,bat,Kolkata Knight Riders,Kolkata Knight Riders,Rising Pune Supergiants
980991,980991,2016,2016/05/15,"Punjab Cricket Association IS Bindra Stadium, Mohali",Chandigarh,Kings XI Punjab,bat,Sunrisers Hyderabad,Kings XI Punjab,Sunrisers Hyderabad
980993,980993,2016,2016/05/15,Dr. Y.S. Rajasekhara Reddy ACA-VDCA Cricket Stadium,Visakhapatnam,Delhi Daredevils,field,Mumbai Indians,Mumbai Indians,Delhi Daredevils
980995,980995,2016,2016/05/16,Eden Gardens,Kolkata,Royal Challengers Bangalore,field,Royal Challengers Bangalore,Kolkata Knight Riders,Royal Challengers Bangalore
980997,980997,2016,2016/05/17,Dr. Y.S. Rajasekhara Reddy ACA-VDCA Cricket Stadium,Visakhapatnam,Rising Pune Supergiants,field,Rising Pune Supergiants,Rising Pune Supergiants,Delhi Daredevils
980999,980999,2016,2016/05/18,M Chinnaswamy Stadium,Bangalore,Kings XI Punjab,field,Royal Challengers Bangalore,Royal Challengers Bangalore,Kings XI Punjab
981001,981001,2016,2016/05/19,Green Park,Kanpur,Gujarat Lions,field,Gujarat Lions,Gujarat Lions,Kolkata Knight Riders
981003,981003,2016,2016/05/20,Shaheed Veer Narayan Singh International Stadium,Raipur,Delhi Daredevils,field,Delhi Daredevils,Delhi Daredevils,Sunrisers Hyderabad
981005,981005,2016,2016/05/21,Dr. Y.S. Rajasekhara Reddy ACA-VDCA Cricket Stadium,Visakhapatnam,Kings XI Punjab,bat,Rising Pune Supergiants,Rising Pune Supergiants,Kings XI Punjab
981007,981007,2016,2016/05/21,Green Park,Kanpur,Gujarat Lions,field,Gujarat Lions,Gujarat Lions,Mumbai Indians
981009,981009,2016,2016/05/22,Eden Gardens,Kolkata,Sunrisers Hyderabad,field,Kolkata Knight Riders,Kolkata Knight Riders,Sunrisers Hyderabad
981011,981011,2016,2016/05/22,Shaheed Veer Narayan Singh International Stadium,Raipur,Royal Challengers Bangalore,field,Royal Challengers Bangalore,Delhi Daredevils,Royal Challengers Bangalore
981013,981013,2016,2016/05/24,M Chinnaswamy Stadium,Bangalore,Royal Challengers Bangalore,field,Royal Challengers Bangalore,Gujarat Lions,Royal Challengers Bangalore
981015,981015,2016,2016/05/25,Feroz Shah Kotla,Delhi,Kolkata Knight Riders,field,Sunrisers Hyderabad,Sunrisers Hyderabad,Kolkata Knight Riders
981017,981017,2016,2016/05/27,Feroz Shah Kotla,Delhi,Sunrisers Hyderabad,field,Sunrisers Hyderabad,Gujarat Lions,Sunrisers Hyderabad
981019,981019,2016,2016/05/29,M Chinnaswamy Stadium,Bangalore,Sunrisers Hyderabad,bat,Sunrisers Hyderabad,Royal Challengers Bangalore,Sunrisers Hyderabad
